trace,timeout,size_mb,modified,duration_sec,launched_arguments,expected_target,target_seen,has_corespace,has_instrument_data,has_shared_data,has_symbols,toc_status,time_profile_status,time_sample_status,contains_lzfse_profile,contains_zsh,contains_tar,contains_zstd,contains_lz4,table_count,schemas
trace檔案,是否timeout,大小(MB),修改時間,trace耗時(秒),啟動參數,預期目標程序,是否看到目標程序,是否有corespace,是否有instrument_data,是否有shared_data,是否有symbols,TOC狀態,time-profile狀態,time-sample狀態,包含lzfse-profile,包含zsh,包含tar,包含zstd,包含lz4,table數量,schema清單
"claw-code-apple-n4.trace","no","5","2026-09-27 01:28:34","60.670435","-encode -si -o ./trace/claw-code.apple-n4.out -algo apple -n 4","lzfse-profile","yes","yes","yes","yes","yes","ok","ok","ok","yes","no","no","no","no","35","device-thermal-state-intervals;dyld-library-load;hang-risks;kdebug;kdebug-strings;life-cycle-period;os-log;os-signpost;os-signpost-arg;OSSignpostIntervals;PointsOfInterestEvents;potential-hangs;process-info;runloop-events;StateReportingIntervals;thread-info;tick;time-profile;time-sample"
"claw-code-apple-n40.trace","no","5","2026-09-27 01:42:18","60.657862","-encode -si -o ./trace/claw-code.apple-n40.out -algo apple -n 40","lzfse-profile","yes","yes","yes","yes","yes","ok","ok","ok","yes","no","no","no","no","35","device-thermal-state-intervals;dyld-library-load;hang-risks;kdebug;kdebug-strings;life-cycle-period;os-log;os-signpost;os-signpost-arg;OSSignpostIntervals;PointsOfInterestEvents;potential-hangs;process-info;runloop-events;StateReportingIntervals;thread-info;tick;time-profile;time-sample"
"claw-code-apple-n8.trace","no","5","2026-09-27 01:35:26","60.673654","-encode -si -o ./trace/claw-code.apple-n8.out -algo apple -n 8","lzfse-profile","yes","yes","yes","yes","yes","ok","ok","ok","yes","no","no","no","no","35","device-thermal-state-intervals;dyld-library-load;hang-risks;kdebug;kdebug-strings;life-cycle-period;os-log;os-signpost;os-signpost-arg;OSSignpostIntervals;PointsOfInterestEvents;potential-hangs;process-info;runloop-events;StateReportingIntervals;thread-info;tick;time-profile;time-sample"
"claw-code-bvx3-n4.trace","no","6","2026-09-27 01:29:43","60.675683","-encode -si -o ./trace/claw-code.bvx3-n4.out -algo bvx3 -n 4","lzfse-profile","yes","yes","yes","yes","yes","ok","ok","ok","yes","no","no","no","no","35","device-thermal-state-intervals;dyld-library-load;hang-risks;kdebug;kdebug-strings;life-cycle-period;os-log;os-signpost;os-signpost-arg;OSSignpostIntervals;PointsOfInterestEvents;potential-hangs;process-info;runloop-events;StateReportingIntervals;thread-info;tick;time-profile;time-sample"
"claw-code-bvx3-n40.trace","no","6","2026-09-27 01:43:26","60.738024","-encode -si -o ./trace/claw-code.bvx3-n40.out -algo bvx3 -n 40","lzfse-profile","yes","yes","yes","yes","yes","ok","ok","ok","yes","no","no","no","no","35","device-thermal-state-intervals;dyld-library-load;hang-risks;kdebug;kdebug-strings;life-cycle-period;os-log;os-signpost;os-signpost-arg;OSSignpostIntervals;PointsOfInterestEvents;potential-hangs;process-info;runloop-events;StateReportingIntervals;thread-info;tick;time-profile;time-sample"
"claw-code-bvx3-n8.trace","no","6","2026-09-27 01:36:34","60.667265","-encode -si -o ./trace/claw-code.bvx3-n8.out -algo bvx3 -n 8","lzfse-profile","yes","yes","yes","yes","yes","ok","ok","ok","yes","no","no","no","no","35","device-thermal-state-intervals;dyld-library-load;hang-risks;kdebug;kdebug-strings;life-cycle-period;os-log;os-signpost;os-signpost-arg;OSSignpostIntervals;PointsOfInterestEvents;potential-hangs;process-info;runloop-events;StateReportingIntervals;thread-info;tick;time-profile;time-sample"
"claw-code-lazy2-n4.trace","no","9","2026-09-27 01:30:52","60.684669","-encode -si -o ./trace/claw-code.lazy2-n4.out -algo bvx3 -lazy2 -n 4","lzfse-profile","yes","yes","yes","yes","yes","ok","ok","ok","yes","no","no","no","no","35","device-thermal-state-intervals;dyld-library-load;hang-risks;kdebug;kdebug-strings;life-cycle-period;os-log;os-signpost;os-signpost-arg;OSSignpostIntervals;PointsOfInterestEvents;potential-hangs;process-info;runloop-events;StateReportingIntervals;thread-info;tick;time-profile;time-sample"
"claw-code-lazy2-n40.trace","no","13","2026-09-27 01:44:34","60.638596","-encode -si -o ./trace/claw-code.lazy2-n40.out -algo bvx3 -lazy2 -n 40","lzfse-profile","yes","yes","yes","yes","yes","ok","ok","ok","yes","no","no","no","no","35","device-thermal-state-intervals;dyld-library-load;hang-risks;kdebug;kdebug-strings;life-cycle-period;os-log;os-signpost;os-signpost-arg;OSSignpostIntervals;PointsOfInterestEvents;potential-hangs;process-info;runloop-events;StateReportingIntervals;thread-info;tick;time-profile;time-sample"
"claw-code-lazy2-n8.trace","no","12","2026-09-27 01:37:43","60.653712","-encode -si -o ./trace/claw-code.lazy2-n8.out -algo bvx3 -lazy2 -n 8","lzfse-profile","yes","yes","yes","yes","yes","ok","ok","ok","yes","no","no","no","no","35","device-thermal-state-intervals;dyld-library-load;hang-risks;kdebug;kdebug-strings;life-cycle-period;os-log;os-signpost;os-signpost-arg;OSSignpostIntervals;PointsOfInterestEvents;potential-hangs;process-info;runloop-events;StateReportingIntervals;thread-info;tick;time-profile;time-sample"
"claw-code-optimal-n4.trace","no","14","2026-09-27 01:32:01","60.655241","-encode -si -o ./trace/claw-code.optimal-n4.out -algo bvx3 -optimal -n 4","lzfse-profile","yes","yes","yes","yes","yes","ok","ok","ok","yes","no","no","no","no","35","device-thermal-state-intervals;dyld-library-load;hang-risks;kdebug;kdebug-strings;life-cycle-period;os-log;os-signpost;os-signpost-arg;OSSignpostIntervals;PointsOfInterestEvents;potential-hangs;process-info;runloop-events;StateReportingIntervals;thread-info;tick;time-profile;time-sample"
"claw-code-optimal-n40.trace","no","21","2026-09-27 01:45:44","60.660591","-encode -si -o ./trace/claw-code.optimal-n40.out -algo bvx3 -optimal -n 40","lzfse-profile","yes","yes","yes","yes","yes","ok","ok","ok","yes","no","no","no","no","35","device-thermal-state-intervals;dyld-library-load;hang-risks;kdebug;kdebug-strings;life-cycle-period;os-log;os-signpost;os-signpost-arg;OSSignpostIntervals;PointsOfInterestEvents;potential-hangs;process-info;runloop-events;StateReportingIntervals;thread-info;tick;time-profile;time-sample"
"claw-code-optimal-n8.trace","no","20","2026-09-27 01:38:52","60.660353","-encode -si -o ./trace/claw-code.optimal-n8.out -algo bvx3 -optimal -n 8","lzfse-profile","yes","yes","yes","yes","yes","ok","ok","ok","yes","no","no","no","no","35","device-thermal-state-intervals;dyld-library-load;hang-risks;kdebug;kdebug-strings;life-cycle-period;os-log;os-signpost;os-signpost-arg;OSSignpostIntervals;PointsOfInterestEvents;potential-hangs;process-info;runloop-events;StateReportingIntervals;thread-info;tick;time-profile;time-sample"
"claw-code-optimal3-n4.trace","no","10","2026-09-27 01:27:25","60.660083","-encode -si -o ./trace/claw-code.optimal3-n4.out -algo other3 -optimal3 -n 4","lzfse-profile","yes","yes","yes","yes","yes","ok","ok","ok","yes","no","no","no","no","35","device-thermal-state-intervals;dyld-library-load;hang-risks;kdebug;kdebug-strings;life-cycle-period;os-log;os-signpost;os-signpost-arg;OSSignpostIntervals;PointsOfInterestEvents;potential-hangs;process-info;runloop-events;StateReportingIntervals;thread-info;tick;time-profile;time-sample"
"claw-code-optimal3-n40.trace","no","13","2026-09-27 01:41:09","60.662943","-encode -si -o ./trace/claw-code.optimal3-n40.out -algo other3 -optimal3 -n 40","lzfse-profile","yes","yes","yes","yes","yes","ok","ok","ok","yes","no","no","no","no","35","device-thermal-state-intervals;dyld-library-load;hang-risks;kdebug;kdebug-strings;life-cycle-period;os-log;os-signpost;os-signpost-arg;OSSignpostIntervals;PointsOfInterestEvents;potential-hangs;process-info;runloop-events;StateReportingIntervals;thread-info;tick;time-profile;time-sample"
"claw-code-optimal3-n8.trace","no","13","2026-09-27 01:34:18","60.639861","-encode -si -o ./trace/claw-code.optimal3-n8.out -algo other3 -optimal3 -n 8","lzfse-profile","yes","yes","yes","yes","yes","ok","ok","ok","yes","no","no","no","no","35","device-thermal-state-intervals;dyld-library-load;hang-risks;kdebug;kdebug-strings;life-cycle-period;os-log;os-signpost;os-signpost-arg;OSSignpostIntervals;PointsOfInterestEvents;potential-hangs;process-info;runloop-events;StateReportingIntervals;thread-info;tick;time-profile;time-sample"
"claw-code-other3-n4.trace","no","6","2026-09-27 01:26:16","60.648220","-encode -si -o ./trace/claw-code.other3-n4.out -algo other3 -n 4","lzfse-profile","yes","yes","yes","yes","yes","ok","ok","ok","yes","no","no","no","no","35","device-thermal-state-intervals;dyld-library-load;hang-risks;kdebug;kdebug-strings;life-cycle-period;os-log;os-signpost;os-signpost-arg;OSSignpostIntervals;PointsOfInterestEvents;potential-hangs;process-info;runloop-events;StateReportingIntervals;thread-info;tick;time-profile;time-sample"
"claw-code-other3-n40.trace","no","6","2026-09-27 01:39:59","60.655248","-encode -si -o ./trace/claw-code.other3-n40.out -algo other3 -n 40","lzfse-profile","yes","yes","yes","yes","yes","ok","ok","ok","yes","no","no","no","no","35","device-thermal-state-intervals;dyld-library-load;hang-risks;kdebug;kdebug-strings;life-cycle-period;os-log;os-signpost;os-signpost-arg;OSSignpostIntervals;PointsOfInterestEvents;potential-hangs;process-info;runloop-events;StateReportingIntervals;thread-info;tick;time-profile;time-sample"
"claw-code-other3-n8.trace","no","6","2026-09-27 01:33:09","60.658701","-encode -si -o ./trace/claw-code.other3-n8.out -algo other3 -n 8","lzfse-profile","yes","yes","yes","yes","yes","ok","ok","ok","yes","no","no","no","no","35","device-thermal-state-intervals;dyld-library-load;hang-risks;kdebug;kdebug-strings;life-cycle-period;os-log;os-signpost;os-signpost-arg;OSSignpostIntervals;PointsOfInterestEvents;potential-hangs;process-info;runloop-events;StateReportingIntervals;thread-info;tick;time-profile;time-sample"
"claw-code-tar.lz4.trace","no","5","2026-09-27 01:25:11","2.734448","-T0 -6 -q -f ./trace/claw-code.tar ./trace/claw-code.tar.lz4.out","lz4","yes","yes","yes","yes","yes","ok","ok","ok","no","no","no","no","yes","35","device-thermal-state-intervals;dyld-library-load;hang-risks;kdebug;kdebug-strings;life-cycle-period;os-log;os-signpost;os-signpost-arg;OSSignpostIntervals;PointsOfInterestEvents;potential-hangs;process-info;runloop-events;StateReportingIntervals;thread-info;tick;time-profile;time-sample"
"claw-code-tgz.trace","no","6","2026-09-27 01:24:56","32.493745","czf ./trace/claw-code.tgz.out claw-code","tar","yes","yes","yes","yes","yes","ok","ok","ok","no","no","no","no","no","35","device-thermal-state-intervals;dyld-library-load;hang-risks;kdebug;kdebug-strings;life-cycle-period;os-log;os-signpost;os-signpost-arg;OSSignpostIntervals;PointsOfInterestEvents;potential-hangs;process-info;runloop-events;StateReportingIntervals;thread-info;tick;time-profile;time-sample"
"claw-code-zstd.trace","no","6","2026-09-27 01:25:05","3.492880","-9 -T0 -q -f ./trace/claw-code.tar -o ./trace/claw-code.zstd.out","zstd","yes","yes","yes","yes","yes","ok","ok","ok","no","no","no","yes","no","35","device-thermal-state-intervals;dyld-library-load;hang-risks;kdebug;kdebug-strings;life-cycle-period;os-log;os-signpost;os-signpost-arg;OSSignpostIntervals;PointsOfInterestEvents;potential-hangs;process-info;runloop-events;StateReportingIntervals;thread-info;tick;time-profile;time-sample"
"llama.cpp-apple-n4.trace","no","5","2026-09-27 01:50:11","60.653214","-encode -si -o ./trace/llama.cpp.apple-n4.out -algo apple -n 4","lzfse-profile","yes","yes","yes","yes","yes","ok","ok","ok","yes","no","no","no","no","35","device-thermal-state-intervals;dyld-library-load;hang-risks;kdebug;kdebug-strings;life-cycle-period;os-log;os-signpost;os-signpost-arg;OSSignpostIntervals;PointsOfInterestEvents;potential-hangs;process-info;runloop-events;StateReportingIntervals;thread-info;tick;time-profile;time-sample"
"llama.cpp-apple-n40.trace","no","5","2026-09-27 02:03:48","60.670673","-encode -si -o ./trace/llama.cpp.apple-n40.out -algo apple -n 40","lzfse-profile","yes","yes","yes","yes","yes","ok","ok","ok","yes","no","no","no","no","35","device-thermal-state-intervals;dyld-library-load;hang-risks;kdebug;kdebug-strings;life-cycle-period;os-log;os-signpost;os-signpost-arg;OSSignpostIntervals;PointsOfInterestEvents;potential-hangs;process-info;runloop-events;StateReportingIntervals;thread-info;tick;time-profile;time-sample"
"llama.cpp-apple-n8.trace","no","5","2026-09-27 01:57:02","60.659386","-encode -si -o ./trace/llama.cpp.apple-n8.out -algo apple -n 8","lzfse-profile","yes","yes","yes","yes","yes","ok","ok","ok","yes","no","no","no","no","35","device-thermal-state-intervals;dyld-library-load;hang-risks;kdebug;kdebug-strings;life-cycle-period;os-log;os-signpost;os-signpost-arg;OSSignpostIntervals;PointsOfInterestEvents;potential-hangs;process-info;runloop-events;StateReportingIntervals;thread-info;tick;time-profile;time-sample"
"llama.cpp-bvx3-n4.trace","no","6","2026-09-27 01:51:20","60.657634","-encode -si -o ./trace/llama.cpp.bvx3-n4.out -algo bvx3 -n 4","lzfse-profile","yes","yes","yes","yes","yes","ok","ok","ok","yes","no","no","no","no","35","device-thermal-state-intervals;dyld-library-load;hang-risks;kdebug;kdebug-strings;life-cycle-period;os-log;os-signpost;os-signpost-arg;OSSignpostIntervals;PointsOfInterestEvents;potential-hangs;process-info;runloop-events;StateReportingIntervals;thread-info;tick;time-profile;time-sample"
"llama.cpp-bvx3-n40.trace","no","6","2026-09-27 02:04:56","60.638440","-encode -si -o ./trace/llama.cpp.bvx3-n40.out -algo bvx3 -n 40","lzfse-profile","yes","yes","yes","yes","yes","ok","ok","ok","yes","no","no","no","no","35","device-thermal-state-intervals;dyld-library-load;hang-risks;kdebug;kdebug-strings;life-cycle-period;os-log;os-signpost;os-signpost-arg;OSSignpostIntervals;PointsOfInterestEvents;potential-hangs;process-info;runloop-events;StateReportingIntervals;thread-info;tick;time-profile;time-sample"
"llama.cpp-bvx3-n8.trace","no","6","2026-09-27 01:58:09","60.651222","-encode -si -o ./trace/llama.cpp.bvx3-n8.out -algo bvx3 -n 8","lzfse-profile","yes","yes","yes","yes","yes","ok","ok","ok","yes","no","no","no","no","35","device-thermal-state-intervals;dyld-library-load;hang-risks;kdebug;kdebug-strings;life-cycle-period;os-log;os-signpost;os-signpost-arg;OSSignpostIntervals;PointsOfInterestEvents;potential-hangs;process-info;runloop-events;StateReportingIntervals;thread-info;tick;time-profile;time-sample"
"llama.cpp-lazy2-n4.trace","no","7","2026-09-27 01:52:28","60.658885","-encode -si -o ./trace/llama.cpp.lazy2-n4.out -algo bvx3 -lazy2 -n 4","lzfse-profile","yes","yes","yes","yes","yes","ok","ok","ok","yes","no","no","no","no","35","device-thermal-state-intervals;dyld-library-load;hang-risks;kdebug;kdebug-strings;life-cycle-period;os-log;os-signpost;os-signpost-arg;OSSignpostIntervals;PointsOfInterestEvents;potential-hangs;process-info;runloop-events;StateReportingIntervals;thread-info;tick;time-profile;time-sample"
"llama.cpp-lazy2-n40.trace","no","8","2026-09-27 02:06:05","60.669001","-encode -si -o ./trace/llama.cpp.lazy2-n40.out -algo bvx3 -lazy2 -n 40","lzfse-profile","yes","yes","yes","yes","yes","ok","ok","ok","yes","no","no","no","no","35","device-thermal-state-intervals;dyld-library-load;hang-risks;kdebug;kdebug-strings;life-cycle-period;os-log;os-signpost;os-signpost-arg;OSSignpostIntervals;PointsOfInterestEvents;potential-hangs;process-info;runloop-events;StateReportingIntervals;thread-info;tick;time-profile;time-sample"
"llama.cpp-lazy2-n8.trace","no","8","2026-09-27 01:59:15","60.670413","-encode -si -o ./trace/llama.cpp.lazy2-n8.out -algo bvx3 -lazy2 -n 8","lzfse-profile","yes","yes","yes","yes","yes","ok","ok","ok","yes","no","no","no","no","35","device-thermal-state-intervals;dyld-library-load;hang-risks;kdebug;kdebug-strings;life-cycle-period;os-log;os-signpost;os-signpost-arg;OSSignpostIntervals;PointsOfInterestEvents;potential-hangs;process-info;runloop-events;StateReportingIntervals;thread-info;tick;time-profile;time-sample"
"llama.cpp-optimal-n4.trace","no","11","2026-09-27 01:53:37","60.670110","-encode -si -o ./trace/llama.cpp.optimal-n4.out -algo bvx3 -optimal -n 4","lzfse-profile","yes","yes","yes","yes","yes","ok","ok","ok","yes","no","no","no","no","35","device-thermal-state-intervals;dyld-library-load;hang-risks;kdebug;kdebug-strings;life-cycle-period;os-log;os-signpost;os-signpost-arg;OSSignpostIntervals;PointsOfInterestEvents;potential-hangs;process-info;runloop-events;StateReportingIntervals;thread-info;tick;time-profile;time-sample"
"llama.cpp-optimal-n40.trace","no","15","2026-09-27 02:07:16","60.668524","-encode -si -o ./trace/llama.cpp.optimal-n40.out -algo bvx3 -optimal -n 40","lzfse-profile","yes","yes","yes","yes","yes","ok","ok","ok","yes","no","no","no","no","35","device-thermal-state-intervals;dyld-library-load;hang-risks;kdebug;kdebug-strings;life-cycle-period;os-log;os-signpost;os-signpost-arg;OSSignpostIntervals;PointsOfInterestEvents;potential-hangs;process-info;runloop-events;StateReportingIntervals;thread-info;tick;time-profile;time-sample"
"llama.cpp-optimal-n8.trace","no","15","2026-09-27 02:00:23","60.674716","-encode -si -o ./trace/llama.cpp.optimal-n8.out -algo bvx3 -optimal -n 8","lzfse-profile","yes","yes","yes","yes","yes","ok","ok","ok","yes","no","no","no","no","35","device-thermal-state-intervals;dyld-library-load;hang-risks;kdebug;kdebug-strings;life-cycle-period;os-log;os-signpost;os-signpost-arg;OSSignpostIntervals;PointsOfInterestEvents;potential-hangs;process-info;runloop-events;StateReportingIntervals;thread-info;tick;time-profile;time-sample"
"llama.cpp-optimal3-n4.trace","no","9","2026-09-27 01:49:04","60.651664","-encode -si -o ./trace/llama.cpp.optimal3-n4.out -algo other3 -optimal3 -n 4","lzfse-profile","yes","yes","yes","yes","yes","ok","ok","ok","yes","no","no","no","no","35","device-thermal-state-intervals;dyld-library-load;hang-risks;kdebug;kdebug-strings;life-cycle-period;os-log;os-signpost;os-signpost-arg;OSSignpostIntervals;PointsOfInterestEvents;potential-hangs;process-info;runloop-events;StateReportingIntervals;thread-info;tick;time-profile;time-sample"
"llama.cpp-optimal3-n40.trace","no","12","2026-09-27 02:02:40","60.657945","-encode -si -o ./trace/llama.cpp.optimal3-n40.out -algo other3 -optimal3 -n 40","lzfse-profile","yes","yes","yes","yes","yes","ok","ok","ok","yes","no","no","no","no","35","device-thermal-state-intervals;dyld-library-load;hang-risks;kdebug;kdebug-strings;life-cycle-period;os-log;os-signpost;os-signpost-arg;OSSignpostIntervals;PointsOfInterestEvents;potential-hangs;process-info;runloop-events;StateReportingIntervals;thread-info;tick;time-profile;time-sample"
"llama.cpp-optimal3-n8.trace","no","11","2026-09-27 01:55:54","60.670978","-encode -si -o ./trace/llama.cpp.optimal3-n8.out -algo other3 -optimal3 -n 8","lzfse-profile","yes","yes","yes","yes","yes","ok","ok","ok","yes","no","no","no","no","35","device-thermal-state-intervals;dyld-library-load;hang-risks;kdebug;kdebug-strings;life-cycle-period;os-log;os-signpost;os-signpost-arg;OSSignpostIntervals;PointsOfInterestEvents;potential-hangs;process-info;runloop-events;StateReportingIntervals;thread-info;tick;time-profile;time-sample"
"llama.cpp-other3-n4.trace","no","6","2026-09-27 01:47:54","60.668894","-encode -si -o ./trace/llama.cpp.other3-n4.out -algo other3 -n 4","lzfse-profile","yes","yes","yes","yes","yes","ok","ok","ok","yes","no","no","no","no","35","device-thermal-state-intervals;dyld-library-load;hang-risks;kdebug;kdebug-strings;life-cycle-period;os-log;os-signpost;os-signpost-arg;OSSignpostIntervals;PointsOfInterestEvents;potential-hangs;process-info;runloop-events;StateReportingIntervals;thread-info;tick;time-profile;time-sample"
"llama.cpp-other3-n40.trace","no","6","2026-09-27 02:01:31","60.656029","-encode -si -o ./trace/llama.cpp.other3-n40.out -algo other3 -n 40","lzfse-profile","yes","yes","yes","yes","yes","ok","ok","ok","yes","no","no","no","no","35","device-thermal-state-intervals;dyld-library-load;hang-risks;kdebug;kdebug-strings;life-cycle-period;os-log;os-signpost;os-signpost-arg;OSSignpostIntervals;PointsOfInterestEvents;potential-hangs;process-info;runloop-events;StateReportingIntervals;thread-info;tick;time-profile;time-sample"
"llama.cpp-other3-n8.trace","no","6","2026-09-27 01:54:45","60.654290","-encode -si -o ./trace/llama.cpp.other3-n8.out -algo other3 -n 8","lzfse-profile","yes","yes","yes","yes","yes","ok","ok","ok","yes","no","no","no","no","35","device-thermal-state-intervals;dyld-library-load;hang-risks;kdebug;kdebug-strings;life-cycle-period;os-log;os-signpost;os-signpost-arg;OSSignpostIntervals;PointsOfInterestEvents;potential-hangs;process-info;runloop-events;StateReportingIntervals;thread-info;tick;time-profile;time-sample"
"llama.cpp-tar.lz4.trace","no","6","2026-09-27 01:46:49","2.981628","-T0 -6 -q -f ./trace/llama.cpp.tar ./trace/llama.cpp.tar.lz4.out","lz4","yes","yes","yes","yes","yes","ok","ok","ok","no","no","no","no","yes","35","device-thermal-state-intervals;dyld-library-load;hang-risks;kdebug;kdebug-strings;life-cycle-period;os-log;os-signpost;os-signpost-arg;OSSignpostIntervals;PointsOfInterestEvents;potential-hangs;process-info;runloop-events;StateReportingIntervals;thread-info;tick;time-profile;time-sample"
"llama.cpp-tgz.trace","no","6","2026-09-27 01:46:35","36.101402","czf ./trace/llama.cpp.tgz.out llama.cpp","tar","yes","yes","yes","yes","yes","ok","ok","ok","no","no","no","no","no","35","device-thermal-state-intervals;dyld-library-load;hang-risks;kdebug;kdebug-strings;life-cycle-period;os-log;os-signpost;os-signpost-arg;OSSignpostIntervals;PointsOfInterestEvents;potential-hangs;process-info;runloop-events;StateReportingIntervals;thread-info;tick;time-profile;time-sample"
"llama.cpp-zstd.trace","no","5","2026-09-27 01:46:43","2.628275","-9 -T0 -q -f ./trace/llama.cpp.tar -o ./trace/llama.cpp.zstd.out","zstd","yes","yes","yes","yes","yes","ok","ok","ok","no","no","no","yes","no","35","device-thermal-state-intervals;dyld-library-load;hang-risks;kdebug;kdebug-strings;life-cycle-period;os-log;os-signpost;os-signpost-arg;OSSignpostIntervals;PointsOfInterestEvents;potential-hangs;process-info;runloop-events;StateReportingIntervals;thread-info;tick;time-profile;time-sample"
