algorithm,encode_decode,n,duration_ns,cpu_power_mw,cpu_energy_j,gpu_power_mw,ane_power_mw,dram_power_mw,combined_power_mw,energy_j,energy_impact,status
演算法,壓縮/解壓縮,在途任務數,耗時(ns),CPU功率(mW),CPU能耗(J),GPU功率(mW),ANE功率(mW),DRAM功率(mW),總功率(mW),總能耗(J),Energy Impact(相對值),狀態
"claw-code-tgz",encode,,4317762852,15839.778,68.392405,0.000,0.000,,15839.778,68.392405,34654.30,ok
"claw-code-tgz",decode,,1636376858,4303.000,7.041330,0.000,0.000,,4303.000,7.041330,8376.20,ok
"claw-code-zstd",encode,,2672512054,13165.333,35.184511,0.000,0.000,,13165.333,35.184511,25762.64,ok
"claw-code-zstd",decode,,940589905,2950.333,2.775053,0.000,0.000,,2950.333,2.775053,4939.38,ok
"claw-code-tar.lz4",encode,,2051723003,14704.600,30.169766,0.000,0.000,,14704.600,30.169766,28538.08,ok
"claw-code-tar.lz4",decode,,474474192,2385.000,1.131621,0.000,0.000,,2385.000,1.131621,2659.95,ok
"claw-code-other3",encode,40,1922831059,16626.250,31.969470,0.000,0.000,,16626.250,31.969470,34240.54,ok
"claw-code-other3",decode,40,1230493069,10958.000,4.494581,0.000,0.000,,10958.000,4.494581,17569.36,ok
"claw-code-optimal3",encode,40,20267389059,17988.308,364.576037,0.000,0.000,,17988.308,364.576037,38628.55,ok
"claw-code-optimal3",decode,40,1094001055,9428.667,3.438324,0.000,0.000,,9428.667,3.438324,12981.51,ok
"claw-code-apple",encode,40,8795524836,4979.722,43.799269,0.111,0.000,,4979.833,43.800245,10489.11,ok
"claw-code-apple",decode,40,2444653988,3733.500,3.042372,0.000,0.000,,3733.500,3.042372,6652.42,ok
"claw-code-bvx3",encode,40,1916836023,17300.250,33.161742,0.000,0.000,,17300.250,33.161742,35326.38,ok
"claw-code-bvx3",decode,40,1548063993,10851.000,5.599347,0.000,0.000,,10851.000,5.599347,12917.81,ok
"claw-code-lazy2",encode,40,19338994980,5851.054,113.153504,0.054,0.000,,5851.108,113.154548,11512.45,ok
"claw-code-lazy2",decode,40,1402627230,11940.667,5.582768,0.000,0.000,,11940.667,5.582768,16626.40,ok
"claw-code-optimal",encode,40,37747356892,13178.973,497.471397,0.055,0.000,,13179.027,497.473436,27737.23,ok
"claw-code-optimal",decode,40,1411746025,12836.000,6.040391,0.000,0.000,,12836.000,6.040391,16683.72,ok
"claw-code-other3",encode,8,2170390844,15013.000,32.584078,1.200,0.000,,15014.000,32.586248,28914.91,ok
"claw-code-other3",decode,8,1537523985,10363.500,5.311377,0.000,0.000,,10363.500,5.311377,11919.91,ok
"claw-code-optimal3",encode,8,22357308865,17945.628,401.215948,0.093,0.000,,17945.721,401.218027,38342.71,ok
"claw-code-optimal3",decode,8,1364521027,11976.667,5.447471,0.000,0.000,,11976.667,5.447471,15741.99,ok
"claw-code-apple",encode,8,8791458130,5078.778,44.649864,0.000,0.000,,5078.778,44.649864,10575.21,ok
"claw-code-apple",decode,8,2446444035,3819.167,3.114459,0.000,0.000,,3819.167,3.114459,6777.59,ok
"claw-code-bvx3",encode,8,2170059919,15436.600,33.498347,0.000,0.000,,15436.600,33.498347,34038.86,ok
"claw-code-bvx3",decode,8,1970744133,10287.400,6.757944,0.000,0.000,,10287.400,6.757944,18423.46,ok
"claw-code-lazy2",encode,8,20887982130,5771.293,120.550665,0.146,0.000,,5771.439,120.553715,11361.75,ok
"claw-code-lazy2",decode,8,1773514032,11128.000,6.578555,0.000,0.000,,11128.000,6.578555,21775.75,ok
"claw-code-optimal",encode,8,40639589071,13346.282,542.387416,0.026,0.000,,13346.308,542.388473,28146.17,ok
"claw-code-optimal",decode,8,1784126043,11331.500,6.738941,0.000,0.000,,11331.500,6.738941,22240.42,ok
"claw-code-other3",encode,4,3290503025,15277.286,50.269956,0.286,0.000,,15277.571,50.270894,32505.51,ok
"claw-code-other3",decode,4,2027919054,10445.400,7.060809,0.000,0.000,,10445.400,7.060809,17891.17,ok
"claw-code-optimal3",encode,4,32196667910,16249.127,523.167746,0.032,0.000,,16249.159,523.168776,34754.86,ok
"claw-code-optimal3",decode,4,1775578976,11305.000,6.690973,0.000,0.000,,11305.000,6.690973,22132.58,ok
"claw-code-apple",encode,4,8793601990,5080.222,44.673450,0.000,0.000,,5080.222,44.673450,10550.32,ok
"claw-code-apple",decode,4,2452704191,3801.167,3.107713,0.000,0.000,,3801.167,3.107713,6722.57,ok
"claw-code-bvx3",encode,4,3274476051,15350.714,50.265545,0.000,0.000,,15350.714,50.265545,32612.36,ok
"claw-code-bvx3",decode,4,2672744989,10928.500,9.736365,0.000,0.000,,10928.500,9.736365,20839.85,ok
"claw-code-lazy2",encode,4,23940485001,6304.426,150.931016,0.255,0.000,,6304.660,150.936618,12734.05,ok
"claw-code-lazy2",decode,4,2355334997,11146.200,8.751012,0.000,0.000,,11146.200,8.751012,18933.56,ok
"claw-code-optimal",encode,4,52126559973,13156.158,685.785259,0.059,0.000,,13156.218,685.788387,28109.61,ok
"claw-code-optimal",decode,4,2392100096,11492.000,9.163338,0.000,0.000,,11492.000,9.163338,19249.33,ok
"llama.cpp-tgz",encode,,4273964167,16667.222,71.235110,0.222,0.000,,16667.444,71.236058,34417.95,ok
"llama.cpp-tgz",decode,,1197025061,3258.000,3.899908,0.000,0.000,,3258.000,3.899908,6080.17,ok
"llama.cpp-zstd",encode,,1964793921,15070.750,29.610918,0.000,0.000,,15070.750,29.610918,29029.66,ok
"llama.cpp-zstd",decode,,538986921,2573.500,1.387083,0.000,0.000,,2573.500,1.387083,3091.22,ok
"llama.cpp-tar.lz4",encode,,2290776014,17284.600,39.595147,0.000,0.000,,17284.600,39.595147,36315.72,ok
"llama.cpp-tar.lz4",decode,,412806034,1780.500,0.735001,0.000,0.000,,1780.500,0.735001,2068.55,ok
"llama.cpp-other3",encode,40,1665006876,14864.750,24.749911,1.000,0.000,,14865.750,24.751576,32465.22,ok
"llama.cpp-other3",decode,40,986687899,8312.333,2.733893,0.000,0.000,,8312.333,2.733893,11410.66,ok
"llama.cpp-optimal3",encode,40,16859311819,17593.333,296.611487,0.061,0.000,,17593.394,296.612515,38082.23,ok
"llama.cpp-optimal3",decode,40,881331921,10726.500,3.151202,0.000,0.000,,10726.500,3.151202,15502.56,ok
"llama.cpp-apple",encode,40,7529005051,5267.067,39.655774,0.000,0.000,,5267.067,39.655774,10687.84,ok
"llama.cpp-apple",decode,40,2639728785,3904.500,3.435607,0.000,0.000,,3904.500,3.435607,7094.87,ok
"llama.cpp-bvx3",encode,40,1689646959,15402.750,26.025210,0.000,0.000,,15402.750,26.025210,33851.20,ok
"llama.cpp-bvx3",decode,40,1140762091,9573.667,3.640425,0.000,0.000,,9573.667,3.640425,15547.12,ok
"llama.cpp-lazy2",encode,40,7021824121,7979.571,56.031144,0.000,0.000,,7979.571,56.031144,16355.43,ok
"llama.cpp-lazy2",decode,40,918633938,10780.000,3.300958,0.000,0.000,,10780.000,3.300958,15405.92,ok
"llama.cpp-optimal",encode,40,24329556942,15204.128,369.909698,0.447,0.000,,15204.574,369.920549,32635.11,ok
"llama.cpp-optimal",decode,40,1065110922,8956.667,3.179948,0.000,0.000,,8956.667,3.179948,11685.15,ok
"llama.cpp-other3",encode,8,1830633163,16273.750,29.791266,0.000,0.000,,16273.750,29.791266,33178.93,ok
"llama.cpp-other3",decode,8,1249211073,9749.000,4.059520,0.000,0.000,,9749.000,4.059520,13529.20,ok
"llama.cpp-optimal3",encode,8,19003981113,17241.730,327.661511,0.054,0.000,,17241.784,327.662537,37047.12,ok
"llama.cpp-optimal3",decode,8,1114372969,8304.000,3.084584,0.000,0.000,,8304.000,3.084584,13046.47,ok
"llama.cpp-apple",encode,8,7465381861,5282.867,39.438619,0.000,0.000,,5282.867,39.438619,10777.35,ok
"llama.cpp-apple",decode,8,2633289814,3904.500,3.427227,0.000,0.000,,3904.500,3.427227,7143.77,ok
"llama.cpp-bvx3",encode,8,1892261028,17171.000,32.492014,0.000,0.000,,17171.000,32.492014,34531.23,ok
"llama.cpp-bvx3",decode,8,1491523981,8852.750,4.401363,0.000,0.000,,8852.750,4.401363,10340.25,ok
"llama.cpp-lazy2",encode,8,7468950987,7840.667,58.561558,0.400,0.000,,7841.000,58.564045,16045.12,ok
"llama.cpp-lazy2",decode,8,1172411919,8669.333,3.388010,0.000,0.000,,8669.333,3.388010,12740.47,ok
"llama.cpp-optimal",encode,8,26626017094,14792.038,393.853057,0.115,0.000,,14792.154,393.856145,31200.35,ok
"llama.cpp-optimal",decode,8,1424394846,10750.667,5.104398,0.000,0.000,,10750.667,5.104398,12865.14,ok
"llama.cpp-other3",encode,4,2757352829,14800.667,40.810661,0.333,0.000,,14801.000,40.811579,31150.96,ok
"llama.cpp-other3",decode,4,1669690847,9040.250,5.031474,0.000,0.000,,9040.250,5.031474,15658.24,ok
"llama.cpp-optimal3",encode,4,26931994915,15796.547,425.432523,0.113,0.000,,15796.660,425.435567,33851.26,ok
"llama.cpp-optimal3",decode,4,1447740078,7629.000,3.681603,0.000,0.000,,7629.000,3.681603,8775.66,ok
"llama.cpp-apple",encode,4,7468230963,5261.467,39.293851,0.267,0.000,,5261.733,39.295837,10729.21,ok
"llama.cpp-apple",decode,4,2635950089,3896.667,3.423807,0.000,0.000,,3896.667,3.423807,7081.54,ok
"llama.cpp-bvx3",encode,4,2814585924,15476.333,43.559469,0.000,0.000,,15476.333,43.559469,32449.58,ok
"llama.cpp-bvx3",decode,4,2009638071,8434.600,5.650164,0.000,0.000,,8434.600,5.650164,14176.02,ok
"llama.cpp-lazy2",encode,4,9086147070,8437.333,76.662849,0.111,0.000,,8437.444,76.663857,17352.51,ok
"llama.cpp-lazy2",decode,4,1501587152,7746.000,3.877098,0.000,0.000,,7746.000,3.877098,8788.69,ok
"llama.cpp-optimal",encode,4,35993741035,14338.943,516.112201,0.143,0.000,,14339.086,516.117348,30675.89,ok
"llama.cpp-optimal",decode,4,1861854076,9592.750,5.953434,0.000,0.000,,9592.750,5.953434,17565.36,ok
