file,kind,dataset,algorithm,n,total_rows,symbol_status,unique_symbols,lzfse_profile_seen,lzfse_symbol_hits,parse_hits,encode_hits,fse_hits,swift_array_hits,swift_runtime_hits,memory_copy_hits,io_hits,apple_compression_hits,external_tool_hits,top_symbol,top_count,top_category
檔案,種類,資料夾,演算法,N,row總數,symbol狀態,唯一symbol數,看到lzfse-profile,lzfse symbol命中,parse命中,encode命中,FSE命中,Swift Array命中,Swift runtime命中,memory copy命中,IO命中,Apple Compression命中,外部工具命中,最高symbol,最高命中數,最高分類
"claw-code-apple-n4.time-profile.xml","time-profile","claw-code","apple","4","8870","ok","111","yes","171","","","","","9","7","23","1","3","lzfseEncodeMatches","98","apple_lzfse"
"claw-code-apple-n40.time-profile.xml","time-profile","claw-code","apple","40","8710","ok","105","yes","171","","","","","9","8","25","1","4","lzfseEncodeMatches","99","apple_lzfse"
"claw-code-apple-n8.time-profile.xml","time-profile","claw-code","apple","8","8767","ok","110","yes","160","","","","","9","5","24","1","3","lzfseEncodeMatches","91","apple_lzfse"
"claw-code-bvx3-n4.time-profile.xml","time-profile","claw-code","bvx3","4","13365","ok","342","yes","875","379","377","","374","46","17","25","","6","specialized static LZFSEv1.encodeBlockV3(triplets:literals:rawBytes:)","296","encode"
"claw-code-bvx3-n40.time-profile.xml","time-profile","claw-code","bvx3","40","18478","ok","346","yes","977","384","469","","426","60","18","29","","4","specialized static LZFSEv1.encodeBlockV3(triplets:literals:rawBytes:)","364","encode"
"claw-code-bvx3-n8.time-profile.xml","time-profile","claw-code","bvx3","8","17630","ok","344","yes","1015","408","467","","427","46","17","31","","5","specialized static LZFSEv1.encodeBlockV3(triplets:literals:rawBytes:)","367","encode"
"claw-code-lazy2-n4.time-profile.xml","time-profile","claw-code","lazy2","4","109909","ok","338","yes","1735","1251","356","","574","54","17","27","","5","specialized Array.withUnsafeBufferPointer<A, B>(_:)","405","swift_array"
"claw-code-lazy2-n40.time-profile.xml","time-profile","claw-code","lazy2","40","184250","ok","394","yes","1948","1376","443","","651","65","21","24","","4","specialized Array.withUnsafeBufferPointer<A, B>(_:)","446","swift_array"
"claw-code-lazy2-n8.time-profile.xml","time-profile","claw-code","lazy2","8","175892","ok","362","yes","1951","1369","464","","659","60","24","22","","5","specialized Array.withUnsafeBufferPointer<A, B>(_:)","455","swift_array"
"claw-code-optimal-n4.time-profile.xml","time-profile","claw-code","optimal","4","216731","ok","435","yes","1945","1401","354","","351","65","16","36","","6","specialized closure #1 in static LZFSEv1.lzParseOptimal(_:maxL:maxM:maxDist:)","912","parse"
"claw-code-optimal-n40.time-profile.xml","time-profile","claw-code","optimal","40","359208","ok","609","yes","2244","1604","448","","436","79","18","37","","4","specialized closure #1 in static LZFSEv1.lzParseOptimal(_:maxL:maxM:maxDist:)","993","parse"
"claw-code-optimal-n8.time-profile.xml","time-profile","claw-code","optimal","8","338287","ok","536","yes","2181","1555","446","","404","80","20","32","","5","specialized closure #1 in static LZFSEv1.lzParseOptimal(_:maxL:maxM:maxDist:)","986","parse"
"claw-code-optimal3-n4.time-profile.xml","time-profile","claw-code","optimal3","4","127133","ok","2200","yes","1466","1018","300","","270","61","17","26","","5","specialized closure #1 in static LZFSEv1.lzParseOptimal2(_:maxL:maxM:maxDist:)","663","parse"
"claw-code-optimal3-n40.time-profile.xml","time-profile","claw-code","optimal3","40","190815","ok","2961","yes","1762","1266","338","","342","84","19","30","","4","specialized closure #1 in static LZFSEv1.lzParseOptimal2(_:maxL:maxM:maxDist:)","789","parse"
"claw-code-optimal3-n8.time-profile.xml","time-profile","claw-code","optimal3","8","180709","ok","2712","yes","1679","1180","340","","343","83","19","39","","6","specialized closure #1 in static LZFSEv1.lzParseOptimal2(_:maxL:maxM:maxDist:)","744","parse"
"claw-code-other3-n4.time-profile.xml","time-profile","claw-code","other3","4","13775","ok","268","yes","825","368","325","","327","50","18","28","","5","specialized static LZFSEv1.encodeBlock(triplets:literals:rawBytes:)","260","encode"
"claw-code-other3-n40.time-profile.xml","time-profile","claw-code","other3","40","18577","ok","245","yes","862","379","355","","349","60","22","28","","4","specialized static LZFSEv1.encodeBlock(triplets:literals:rawBytes:)","290","encode"
"claw-code-other3-n8.time-profile.xml","time-profile","claw-code","other3","8","17752","ok","243","yes","827","372","338","","342","56","19","25","","5","specialized static LZFSEv1.encodeBlock(triplets:literals:rawBytes:)","275","encode"
"claw-code-tar.lz4.time-profile.xml","time-profile","claw-code","tar.lz4","","16295","ok","56","no","","","","","","","1","24","","327","LZ4HC_compress_generic_noDictCtx","295","external_tool"
"claw-code-tgz.time-profile.xml","time-profile","claw-code","tgz","","30923","ok","268","no","","","","","","","8","88","","9","0x2cffac930","80","other"
"claw-code-zstd.time-profile.xml","time-profile","claw-code","zstd","","24481","ok","104","no","","","","","","","8","55","8","655","ZSTD_compressBlock_lazy2_row","167","external_tool"
"llama.cpp-apple-n4.time-profile.xml","time-profile","llama.cpp","apple","4","7395","ok","109","yes","158","","","","","6","7","24","1","3","lzfseEncodeMatches","95","apple_lzfse"
"llama.cpp-apple-n40.time-profile.xml","time-profile","llama.cpp","apple","40","7320","ok","84","yes","158","","","","","9","4","23","1","3","lzfseEncodeMatches","93","apple_lzfse"
"llama.cpp-apple-n8.time-profile.xml","time-profile","llama.cpp","apple","8","7347","ok","113","yes","163","","","","","7","6","22","1","3","lzfseEncodeMatches","96","apple_lzfse"
"llama.cpp-bvx3-n4.time-profile.xml","time-profile","llama.cpp","bvx3","4","11623","ok","834","yes","922","371","413","","391","33","18","25","","5","specialized static LZFSEv1.encodeBlockV3(triplets:literals:rawBytes:)","307","encode"
"llama.cpp-bvx3-n40.time-profile.xml","time-profile","llama.cpp","bvx3","40","16297","ok","1188","yes","1002","381","493","","425","60","19","25","","5","specialized static LZFSEv1.encodeBlockV3(triplets:literals:rawBytes:)","373","encode"
"llama.cpp-bvx3-n8.time-profile.xml","time-profile","llama.cpp","bvx3","8","15432","ok","1085","yes","1031","411","481","","439","59","17","20","","5","specialized static LZFSEv1.encodeBlockV3(triplets:literals:rawBytes:)","365","encode"
"llama.cpp-lazy2-n4.time-profile.xml","time-profile","llama.cpp","lazy2","4","38803","ok","853","yes","1585","1048","397","","548","46","15","30","","6","specialized Array.withUnsafeBufferPointer<A, B>(_:)","378","swift_array"
"llama.cpp-lazy2-n40.time-profile.xml","time-profile","llama.cpp","lazy2","40","66284","ok","1109","yes","1777","1133","502","","621","53","19","28","","4","specialized Array.withUnsafeBufferPointer<A, B>(_:)","412","swift_array"
"llama.cpp-lazy2-n8.time-profile.xml","time-profile","llama.cpp","lazy2","8","62616","ok","1046","yes","1844","1210","486","","625","62","20","24","","5","specialized Array.withUnsafeBufferPointer<A, B>(_:)","433","swift_array"
"llama.cpp-optimal-n4.time-profile.xml","time-profile","llama.cpp","optimal","4","146842","ok","881","yes","1887","1322","382","","351","61","17","30","","5","specialized closure #1 in static LZFSEv1.lzParseOptimal(_:maxL:maxM:maxDist:)","850","parse"
"llama.cpp-optimal-n40.time-profile.xml","time-profile","llama.cpp","optimal","40","225016","ok","1293","yes","2229","1526","497","","431","87","19","41","","5","specialized closure #1 in static LZFSEv1.lzParseOptimal(_:maxL:maxM:maxDist:)","946","parse"
"llama.cpp-optimal-n8.time-profile.xml","time-profile","llama.cpp","optimal","8","215292","ok","1230","yes","2246","1566","486","","444","82","18","34","","4","specialized closure #1 in static LZFSEv1.lzParseOptimal(_:maxL:maxM:maxDist:)","955","parse"
"llama.cpp-optimal3-n4.time-profile.xml","time-profile","llama.cpp","optimal3","4","106458","ok","2571","yes","1477","1029","291","","247","50","17","26","","5","specialized closure #1 in static LZFSEv1.lzParseOptimal2(_:maxL:maxM:maxDist:)","659","parse"
"llama.cpp-optimal3-n40.time-profile.xml","time-profile","llama.cpp","optimal3","40","156185","ok","3396","yes","1753","1231","359","","341","89","22","26","","5","specialized closure #1 in static LZFSEv1.lzParseOptimal2(_:maxL:maxM:maxDist:)","756","parse"
"llama.cpp-optimal3-n8.time-profile.xml","time-profile","llama.cpp","optimal3","8","149310","ok","3270","yes","1754","1244","350","","353","81","18","26","","5","specialized closure #1 in static LZFSEv1.lzParseOptimal2(_:maxL:maxM:maxDist:)","750","parse"
"llama.cpp-other3-n4.time-profile.xml","time-profile","llama.cpp","other3","4","11240","ok","231","yes","793","358","308","","314","47","19","17","","6","specialized static LZFSEv1.encodeBlock(triplets:literals:rawBytes:)","240","encode"
"llama.cpp-other3-n40.time-profile.xml","time-profile","llama.cpp","other3","40","15750","ok","252","yes","871","388","358","","351","67","19","25","","4","specialized static LZFSEv1.encodeBlock(triplets:literals:rawBytes:)","285","encode"
"llama.cpp-other3-n8.time-profile.xml","time-profile","llama.cpp","other3","8","14880","ok","248","yes","860","382","354","","355","57","23","25","","4","specialized static LZFSEv1.encodeBlock(triplets:literals:rawBytes:)","277","encode"
"llama.cpp-tar.lz4.time-profile.xml","time-profile","llama.cpp","tar.lz4","","18177","ok","53","no","","","","","","","1","20","","324","LZ4HC_compress_generic_noDictCtx","295","external_tool"
"llama.cpp-tgz.time-profile.xml","time-profile","llama.cpp","tgz","","33907","ok","341","no","","","","","","","15","156","","25","0x2cffac930","78","other"
"llama.cpp-zstd.time-profile.xml","time-profile","llama.cpp","zstd","","15047","ok","121","no","","","","","","","8","35","6","527","ZSTD_compressBlock_lazy2_row","144","external_tool"
"claw-code-apple-n4.time-sample.xml","time-sample","claw-code","apple","4","8872","raw_kperf_addresses_only","0","yes","","","","","","","","","","","","",""
"claw-code-apple-n40.time-sample.xml","time-sample","claw-code","apple","40","8712","raw_kperf_addresses_only","0","yes","","","","","","","","","","","","",""
"claw-code-apple-n8.time-sample.xml","time-sample","claw-code","apple","8","8769","raw_kperf_addresses_only","0","yes","","","","","","","","","","","","",""
"claw-code-bvx3-n4.time-sample.xml","time-sample","claw-code","bvx3","4","13367","raw_kperf_addresses_only","0","yes","","","","","","","","","","","","",""
"claw-code-bvx3-n40.time-sample.xml","time-sample","claw-code","bvx3","40","18480","raw_kperf_addresses_only","0","yes","","","","","","","","","","","","",""
"claw-code-bvx3-n8.time-sample.xml","time-sample","claw-code","bvx3","8","17632","raw_kperf_addresses_only","0","yes","","","","","","","","","","","","",""
"claw-code-lazy2-n4.time-sample.xml","time-sample","claw-code","lazy2","4","109911","raw_kperf_addresses_only","0","yes","","","","","","","","","","","","",""
"claw-code-lazy2-n40.time-sample.xml","time-sample","claw-code","lazy2","40","184252","raw_kperf_addresses_only","0","yes","","","","","","","","","","","","",""
"claw-code-lazy2-n8.time-sample.xml","time-sample","claw-code","lazy2","8","175894","raw_kperf_addresses_only","0","yes","","","","","","","","","","","","",""
"claw-code-optimal-n4.time-sample.xml","time-sample","claw-code","optimal","4","216733","raw_kperf_addresses_only","0","yes","","","","","","","","","","","","",""
"claw-code-optimal-n40.time-sample.xml","time-sample","claw-code","optimal","40","359210","raw_kperf_addresses_only","0","yes","","","","","","","","","","","","",""
"claw-code-optimal-n8.time-sample.xml","time-sample","claw-code","optimal","8","338289","raw_kperf_addresses_only","0","yes","","","","","","","","","","","","",""
"claw-code-optimal3-n4.time-sample.xml","time-sample","claw-code","optimal3","4","127135","raw_kperf_addresses_only","0","yes","","","","","","","","","","","","",""
"claw-code-optimal3-n40.time-sample.xml","time-sample","claw-code","optimal3","40","190817","raw_kperf_addresses_only","0","yes","","","","","","","","","","","","",""
"claw-code-optimal3-n8.time-sample.xml","time-sample","claw-code","optimal3","8","180711","raw_kperf_addresses_only","0","yes","","","","","","","","","","","","",""
"claw-code-other3-n4.time-sample.xml","time-sample","claw-code","other3","4","13777","raw_kperf_addresses_only","0","yes","","","","","","","","","","","","",""
"claw-code-other3-n40.time-sample.xml","time-sample","claw-code","other3","40","18579","raw_kperf_addresses_only","0","yes","","","","","","","","","","","","",""
"claw-code-other3-n8.time-sample.xml","time-sample","claw-code","other3","8","17754","raw_kperf_addresses_only","0","yes","","","","","","","","","","","","",""
"claw-code-tar.lz4.time-sample.xml","time-sample","claw-code","tar.lz4","","16297","raw_kperf_addresses_only","0","no","","","","","","","","","","","","",""
"claw-code-tgz.time-sample.xml","time-sample","claw-code","tgz","","30925","raw_kperf_addresses_only","0","no","","","","","","","","","","","","",""
"claw-code-zstd.time-sample.xml","time-sample","claw-code","zstd","","24483","raw_kperf_addresses_only","0","no","","","","","","","","","","","","",""
"llama.cpp-apple-n4.time-sample.xml","time-sample","llama.cpp","apple","4","7397","raw_kperf_addresses_only","0","yes","","","","","","","","","","","","",""
"llama.cpp-apple-n40.time-sample.xml","time-sample","llama.cpp","apple","40","7322","raw_kperf_addresses_only","0","yes","","","","","","","","","","","","",""
"llama.cpp-apple-n8.time-sample.xml","time-sample","llama.cpp","apple","8","7349","raw_kperf_addresses_only","0","yes","","","","","","","","","","","","",""
"llama.cpp-bvx3-n4.time-sample.xml","time-sample","llama.cpp","bvx3","4","11625","raw_kperf_addresses_only","0","yes","","","","","","","","","","","","",""
"llama.cpp-bvx3-n40.time-sample.xml","time-sample","llama.cpp","bvx3","40","16299","raw_kperf_addresses_only","0","yes","","","","","","","","","","","","",""
"llama.cpp-bvx3-n8.time-sample.xml","time-sample","llama.cpp","bvx3","8","15434","raw_kperf_addresses_only","0","yes","","","","","","","","","","","","",""
"llama.cpp-lazy2-n4.time-sample.xml","time-sample","llama.cpp","lazy2","4","38805","raw_kperf_addresses_only","0","yes","","","","","","","","","","","","",""
"llama.cpp-lazy2-n40.time-sample.xml","time-sample","llama.cpp","lazy2","40","66286","raw_kperf_addresses_only","0","yes","","","","","","","","","","","","",""
"llama.cpp-lazy2-n8.time-sample.xml","time-sample","llama.cpp","lazy2","8","62618","raw_kperf_addresses_only","0","yes","","","","","","","","","","","","",""
"llama.cpp-optimal-n4.time-sample.xml","time-sample","llama.cpp","optimal","4","146844","raw_kperf_addresses_only","0","yes","","","","","","","","","","","","",""
"llama.cpp-optimal-n40.time-sample.xml","time-sample","llama.cpp","optimal","40","225018","raw_kperf_addresses_only","0","yes","","","","","","","","","","","","",""
"llama.cpp-optimal-n8.time-sample.xml","time-sample","llama.cpp","optimal","8","215294","raw_kperf_addresses_only","0","yes","","","","","","","","","","","","",""
"llama.cpp-optimal3-n4.time-sample.xml","time-sample","llama.cpp","optimal3","4","106460","raw_kperf_addresses_only","0","yes","","","","","","","","","","","","",""
"llama.cpp-optimal3-n40.time-sample.xml","time-sample","llama.cpp","optimal3","40","156187","raw_kperf_addresses_only","0","yes","","","","","","","","","","","","",""
"llama.cpp-optimal3-n8.time-sample.xml","time-sample","llama.cpp","optimal3","8","149312","raw_kperf_addresses_only","0","yes","","","","","","","","","","","","",""
"llama.cpp-other3-n4.time-sample.xml","time-sample","llama.cpp","other3","4","11242","raw_kperf_addresses_only","0","yes","","","","","","","","","","","","",""
"llama.cpp-other3-n40.time-sample.xml","time-sample","llama.cpp","other3","40","15752","raw_kperf_addresses_only","0","yes","","","","","","","","","","","","",""
"llama.cpp-other3-n8.time-sample.xml","time-sample","llama.cpp","other3","8","14882","raw_kperf_addresses_only","0","yes","","","","","","","","","","","","",""
"llama.cpp-tar.lz4.time-sample.xml","time-sample","llama.cpp","tar.lz4","","18179","raw_kperf_addresses_only","0","no","","","","","","","","","","","","",""
"llama.cpp-tgz.time-sample.xml","time-sample","llama.cpp","tgz","","33909","raw_kperf_addresses_only","0","no","","","","","","","","","","","","",""
"llama.cpp-zstd.time-sample.xml","time-sample","llama.cpp","zstd","","15049","raw_kperf_addresses_only","0","no","","","","","","","","","","","","",""
