kind,symbol,count,category
種類,symbol,命中數,分類
"time-profile","specialized static LZFSEv1.encodeBlockV3(triplets:literals:rawBytes:)","6083","encode"
"time-profile","specialized closure #1 in static LZFSEv1.lzParseOptimal(_:maxL:maxM:maxDist:)","5642","parse"
"time-profile","specialized Array.withUnsafeBufferPointer<A, B>(_:)","5516","swift_array"
"time-profile","specialized _ArrayBuffer.withUnsafeBufferPointer<A, B>(_:)","5516","swift_array"
"time-profile","specialized closure #1 in static LZFSEv1.lzParseOptimal2(_:maxL:maxM:maxDist:)","4361","parse"
"time-profile","specialized static LZFSEv1.encodeBlock(triplets:literals:rawBytes:)","3177","encode"
"time-profile","specialized static LZFSEv1.lzParseChain(_:maxL:maxM:maxDist:)","2090","parse"
"time-profile","closure #1 in static LZFSEv1.lzParseChain(_:maxL:maxM:maxDist:)","2076","parse"
"time-profile","specialized Array.subscript.getter","1937","swift_array"
"time-profile","bestMatch #1 (_:) in closure #1 in static LZFSEv1.lzParseChain(_:maxL:maxM:maxDist:)","1552","parse"
"time-profile","specialized static LZFSEv1.lzParseStrong(_:maxL:maxM:maxDist:)","1499","parse"
"time-profile","closure #1 in static LZFSEv1.lzParseStrong(_:maxL:maxM:maxDist:)","1491","parse"
"time-profile","specialized Array.subscript.modify","1471","swift_array"
"time-profile","static LZFSEv1.fseEncode(state:_:_:)","1447","fse"
"time-profile","static LZFSEv1.symbol(forValue:base:)","1288","fse"
"time-profile","closure #2 in static LZFSEv1.encodeBlockV3(triplets:literals:rawBytes:)","1287","encode"
"time-profile","specialized Array._getElement(_:wasNativeTypeChecked:matchingSubscriptCheck:)","1066","swift_array"
"time-profile","specialized emitSteps #1 (_:from:) in closure #1 in static LZFSEv1.lzParseOptimal(_:maxL:maxM:maxDist:)","1037","parse"
"time-profile","specialized _ArrayBuffer.beginCOWMutation()","975","swift_array"
"time-profile","specialized Array.append(_:)","906","swift_array"
"time-profile","specialized Array._makeMutableAndUnique()","863","swift_array"
"time-profile","specialized Array.append<A>(contentsOf:)","785","swift_array"
"time-profile","specialized Array._checkSubscript(_:wasNativeTypeChecked:)","764","swift_array"
"time-profile","bestMatch #1 (_:) in closure #1 in static LZFSEv1.lzParseStrong(_:maxL:maxM:maxDist:)","753","parse"
"time-profile","specialized emitSteps #1 (_:from:) in closure #1 in static LZFSEv1.lzParseOptimal2(_:maxL:maxM:maxDist:)","744","parse"
"time-profile","specialized rebuildPrices #1 () in static LZFSEv1.lzParseOptimal(_:maxL:maxM:maxDist:)","714","parse"
"time-profile","repLen #1 (_:_:) in closure #1 in static LZFSEv1.lzParseChain(_:maxL:maxM:maxDist:)","714","parse"
"time-profile","closure #1 in static LZFSEv1.encodeBlock(triplets:literals:rawBytes:)","619","encode"
"time-profile","specialized rebuildPrices #1 () in static LZFSEv1.lzParseOptimal2(_:maxL:maxM:maxDist:)","598","parse"
"time-profile","LZ4HC_compress_generic_noDictCtx","590","external_tool"
"time-profile","_platform_memmove","587","memory_copy"
"time-profile","lzfseEncodeMatches","572","apple_lzfse"
"time-profile","swift_beginAccess","558","swift_runtime"
"time-profile","specialized IndexingIterator.next()","527","swift_array"
"time-profile","static LZFSEv1.compressBody(_:strong:bvx3:lazy2:optimal:optimal3:)","491","encode"
"time-profile","LZFSEv1.FSEOutStream.push(_:_:)","449","fse"
"time-profile","specialized emitGreedy #1 (at:len:dist:) in closure #1 in static LZFSEv1.lzParseOptimal(_:maxL:maxM:maxDist:)","438","parse"
"time-profile","specialized Array._checkSubscript_mutating(_:)","404","swift_array"
"time-profile","specialized _ArrayBuffer._checkValidSubscriptMutating(_:)","404","swift_array"
"time-profile","matchLength #1 (_:_:limit:) in closure #1 in static LZFSEv1.lzParseChain(_:maxL:maxM:maxDist:)","401","parse"
"time-profile","specialized Array._makeUniqueAndReserveCapacityIfNotUnique()","392","swift_array"
"time-profile","lzfseEncodeBase","391","apple_lzfse"
"time-profile","specialized emitGreedy #1 (at:len:dist:) in closure #1 in static LZFSEv1.lzParseOptimal2(_:maxL:maxM:maxDist:)","326","parse"
"time-profile","ZSTD_compressBlock_lazy2_row","311","external_tool"
"time-profile","specialized Array.init(repeating:count:)","305","swift_array"
"time-profile","swift_endAccess","304","swift_runtime"
"time-profile","ZSTD_RowFindBestMatch_noDict_5_4","299","external_tool"
"time-profile","LZFSEv1.FSEOutStream.flush()","298","fse"
"time-profile","matchLength #1 (_:_:limit:) in closure #1 in static LZFSEv1.lzParseOptimal2(_:maxL:maxM:maxDist:)","273","parse"
"time-profile","matchLength #1 (_:_:limit:) in closure #1 in static LZFSEv1.lzParseOptimal(_:maxL:maxM:maxDist:)","271","parse"
"time-profile","specialized _ArrayBuffer._consumeAndCreateNew(bufferIsUnique:minimumCapacity:growForAppend:)","265","swift_array"
"time-profile","specialized pushRun #1 (l:m:d:) in static LZFSEv1.lzParseStrong(_:maxL:maxM:maxDist:)","254","parse"
"time-profile","specialized Array._createNewBuffer(bufferIsUnique:minimumCapacity:growForAppend:)","246","swift_array"
"time-profile","dSym #1 (_:) in closure #1 in static LZFSEv1.lzParseOptimal(_:maxL:maxM:maxDist:)","234","parse"
"time-profile","insert #1 (_:) in closure #1 in static LZFSEv1.lzParseStrong(_:maxL:maxM:maxDist:)","233","parse"
"time-profile","specialized static LZFSEv1.initEncoderTable(nstates:freq:)","232","other"
"time-profile","specialized Array._reserveCapacityImpl(minimumCapacity:growForAppend:)","223","swift_array"
"time-profile","specialized static Array._allocateUninitialized(_:)","218","swift_array"
"time-profile","specialized Array.init(_uninitializedCount:)","218","swift_array"
"time-profile","log2","212","other"
"time-profile","matchLength #1 (_:_:limit:) in closure #1 in static LZFSEv1.lzParseStrong(_:maxL:maxM:maxDist:)","204","parse"
"time-profile","insert #1 (_:) in closure #1 in static LZFSEv1.lzParseOptimal(_:maxL:maxM:maxDist:)","187","parse"
"time-profile","runCLI()","186","other"
"time-profile","specialized static LZFSEv1.normalizeFreq(nstates:counts:)","185","other"
"time-profile","specialized Array._appendElementAssumeUniqueAndCapacity(_:newElement:)","171","swift_array"
"time-profile","specialized UnsafeMutablePointer<>.initialize(to:)","170","other"
"time-profile","entropyBits #1 (_:) in static LZFSEv1.encodeBlockV3(triplets:literals:rawBytes:)","168","encode"
"time-profile","specialized min<A>(_:_:)","167","other"
"time-profile","<deduplicated_symbol>","162","other"
"time-profile","xzm_segment_group_alloc_chunk","161","other"
"time-profile","0x2cffac930","158","other"
"time-profile","_xzm_xzone_malloc_tiny","158","other"
"time-profile","specialized UnsafeMutableBufferPointer.initialize<A>(from:)","156","other"
"time-profile","insert #1 (_:) in closure #1 in static LZFSEv1.lzParseOptimal2(_:maxL:maxM:maxDist:)","155","parse"
"time-profile","-[NSConcreteFileHandle readDataOfLength:]","151","io"
"time-profile","specialized Array._reserveCapacityAssumingUniqueBuffer(oldCount:)","149","swift_array"
"time-profile","xzm_segment_group_free_chunk","146","other"
"time-profile","runParallelEncode(input:output:inflight:chunkSize:strong:bvx3:lazy2:optimal:optimal3:)","146","other"
"time-profile","_xzm_segment_group_find_and_allocate_chunk","146","other"
"time-profile","lzfsePushMatch","145","apple_lzfse"
"time-profile","insert #1 (_:) in closure #1 in static LZFSEv1.lzParseChain(_:maxL:maxM:maxDist:)","145","parse"
"time-profile","_platform_memset","144","other"
"time-profile","specialized pushRun #1 (l:m:d:) in static LZFSEv1.lzParseOptimal(_:maxL:maxM:maxDist:)","139","parse"
"time-profile","specialized UnsafeBufferPointer._copyContents(initializing:)","138","other"
"time-profile","specialized protocol witness for Sequence._copyContents(initializing:) in conformance UnsafeBufferPointer<A>","138","other"
"time-profile","specialized pushRun #1 (l:m:d:) in static LZFSEv1.lzParseOptimal2(_:maxL:maxM:maxDist:)","136","parse"
"time-profile","xzm_malloc_zone_size","131","other"
"time-profile","load32 #1 (_:) in closure #1 in static LZFSEv1.lzParseChain(_:maxL:maxM:maxDist:)","130","parse"
"time-profile","dSym #1 (_:) in closure #1 in static LZFSEv1.lzParseOptimal2(_:maxL:maxM:maxDist:)","130","parse"
"time-profile","specialized protocol witness for Collection.subscript.read in conformance [A]","125","swift_array"
"time-profile","specialized Array.subscript.read","125","swift_array"
"time-profile","_xzm_segment_group_span_mark_smaller","125","other"
"time-profile","specialized _ContiguousArrayBuffer.mutableFirstElementAddress.getter","122","swift_array"
"time-profile","specialized _ArrayBuffer.mutableFirstElementAddress.getter","122","swift_array"
"time-profile","_xzm_segment_group_segment_span_free_coalesce","122","other"
"time-profile","_ContiguousArrayBuffer.init(_uninitializedCount:minimumCapacity:)","122","swift_array"
"time-profile","specialized pushRun #1 (l:m:d:) in static LZFSEv1.lzParseChain(_:maxL:maxM:maxDist:)","121","parse"
"time-profile","mach_vm_reclaim_try_cancel","120","other"
"time-profile","swift_isUniquelyReferenced_nonNull_native","118","swift_runtime"
"time-profile","_xzm_malloc_large_huge","118","other"
"time-profile","0x2cfface68","116","other"
"time-profile","static LZFSEv1.normalizeFreq(nstates:counts:)","114","other"
"time-profile","specialized Double.init<A>(_:)","105","other"
"time-profile","static LZFSEv1.initEncoderTable(nstates:freq:)","104","other"
"time-profile","xzm_malloc_zone_malloc_type_realloc","102","other"
"time-profile","specialized Array._getCount()","102","swift_array"
"time-profile","specialized _ArrayBuffer.immutableCount.getter","102","swift_array"
"time-profile","0x2cffafd08","97","other"
"time-profile","static LZFSEv1.encodeFreqValue(_:)","95","other"
"time-profile","_xzm_free_outlined","95","other"
"time-profile","closure #2 in runParallelEncode(input:output:inflight:chunkSize:strong:bvx3:lazy2:optimal:optimal3:)","93","other"
"time-profile","_NSReadFromFileDescriptorWithProgress","93","other"
"time-profile","static LZFSEv1.lzParseOptimal(_:maxL:maxM:maxDist:)","92","parse"
"time-profile","specialized Array.init<A>(_:)","91","swift_array"
"time-profile","_xzm_malloc_tc","91","other"
"time-profile","_swift_getGenericMetadata(swift::MetadataRequest, void const* const*, swift::TargetTypeContextDescriptor<swift::InProcess> const*)","89","swift_runtime"
"time-profile","swift_arrayDestroy","88","swift_runtime"
"time-profile","dyld4::prepare(dyld4::APIs&, mach_o::UnsafeHeader const*)","88","other"
"time-profile","bool swift::RefCounts<swift::RefCountBitsT<(swift::RefCountInlinedness)1>>::doDecrementSlow<(swift::PerformDeinit)1>(swift::RefCountBitsT<(swift::RefCountInlinedness)1>, unsigned int)","88","other"
"time-profile","_xzm_free_tc","88","other"
"time-profile","start","86","external_tool"
"time-profile","protocol witness for Strideable.advanced(by:) in conformance Int","86","other"
"time-profile","mach_absolute_time","85","other"
"time-profile","load64 #1 (_:) in closure #1 in static LZFSEv1.lzParseChain(_:maxL:maxM:maxDist:)","82","parse"
"time-profile","swift::MetadataCacheKey::operator==(swift::MetadataCacheKey const&) const","80","other"
"time-profile","specialized protocol witness for Collection.formIndex(after:) in conformance <> Range<A>","80","swift_array"
"time-profile","malloc_size","80","other"
"time-profile","load32 #1 (_:) in closure #1 in static LZFSEv1.lzParseOptimal(_:maxL:maxM:maxDist:)","77","parse"
"time-profile","__xzm_xzone_free_to_freelist_chunk","76","other"
"time-profile","HIST_count_parallel_wksp","75","other"
"time-profile","specialized autoreleasepool<A, B>(invoking:)","74","other"
"time-profile","read","74","io"
"time-profile","load32 #1 (_:) in closure #1 in static LZFSEv1.lzParseOptimal2(_:maxL:maxM:maxDist:)","74","parse"
"time-profile","specialized protocol witness for Collection.formIndex(after:) in conformance <> ClosedRange<A>","73","swift_array"
"time-profile","specialized ClosedRange<>.index(after:)","73","other"
"time-profile","getCache(swift::TargetTypeContextDescriptor<swift::InProcess> const&)","72","other"
"time-profile","archive_write_pax_header","72","io"
"time-profile","static LZFSEv1.lzParseOptimal2(_:maxL:maxM:maxDist:)","71","parse"
"time-profile","NSFileHandle.read(upToCount:)","71","io"
"time-profile","DYLD-STUB$$swift_isUniquelyReferenced_nonNull_native","71","swift_runtime"
"time-profile","freqCostBits #1 (_:) in static LZFSEv1.encodeBlockV3(triplets:literals:rawBytes:)","70","encode"
"time-profile","_xzm_reclaim_mark_used","70","other"
"time-profile","swift::swift_slowAllocTyped(unsigned long, unsigned long, unsigned long long)","69","swift_runtime"
"time-profile","specialized min<A>(_:_:_:_:)","69","other"
"time-profile","HUF_compress1X_usingCTable_internal","69","external_tool"
"time-profile","swift_allocObject","68","swift_runtime"
"time-profile","std::__1::pair<swift::GenericCacheEntry*, bool> swift::StableAddressConcurrentReadableHashMap<swift::GenericCacheEntry, swift::TaggedMetadataAllocator<(unsigned short)14>, swift::Mutex>::getOrInsert<swift::MetadataCacheKey, swift::MetadataWaitQueue::Worker&, swift::MetadataRequest&, swift::TargetTypeContextDescriptor<swift::InProcess> const*&, void const* const*&>(swift::MetadataCacheKey, swift::MetadataWaitQueue::Worker&, swift::MetadataRequest&, swift::TargetTypeContextDescriptor<swift::InProcess> const*&, void const* const*&)","68","other"
"time-profile","specialized Array.reserveCapacity(_:)","68","swift_array"
"time-profile","specialized UnsafeMutablePointer.initialize(from:count:)","67","other"
"time-profile","specialized Collection._failEarlyRangeCheck(_:bounds:)","67","swift_array"
"time-profile","specialized Array._endMutation()","67","swift_array"
"time-profile","mach_vm_reclaim_try_enter","67","other"
"time-profile","specialized _ContiguousArrayBuffer.init(_uninitializedCount:minimumCapacity:)","66","swift_array"
"time-profile","hashAndTag #1 (_:) in closure #1 in static LZFSEv1.lzParseOptimal(_:maxL:maxM:maxDist:)","66","parse"
"time-profile","hashAndTag #1 (_:) in closure #1 in static LZFSEv1.lzParseChain(_:maxL:maxM:maxDist:)","65","parse"
"time-profile","specialized closure #1 in SIMD<>.min()","64","other"
"time-profile","specialized Array.count.getter","64","swift_array"
"time-profile","HUF_buildCTable_wksp","64","external_tool"
"time-profile","closure #1 in runParallelEncode(input:output:inflight:chunkSize:strong:bvx3:lazy2:optimal:optimal3:)","61","other"
"time-profile","std::__1::pair<swift::GenericCacheEntry*, swift::MetadataResponse> swift::LockingConcurrentMap<swift::GenericCacheEntry, swift::LockingConcurrentMapStorage<swift::GenericCacheEntry, (unsigned short)14>>::getOrInsert<swift::MetadataCacheKey, swift::MetadataRequest&, swift::TargetTypeContextDescriptor<swift::InProcess> const*&, void const* const*&>(swift::MetadataCacheKey, swift::MetadataRequest&, swift::TargetTypeContextDescriptor<swift::InProcess> const*&, void const* const*&)","60","other"
"time-profile","specialized closure #1 in Array.withUnsafeBytes<A>(_:)","60","swift_array"
"time-profile","__isPlatformOrVariantPlatformVersionAtLeast","60","other"
"time-profile","DYLD-STUB$$swift_beginAccess","59","swift_runtime"
"time-profile","hashAndTag #1 (_:) in closure #1 in static LZFSEv1.lzParseOptimal2(_:maxL:maxM:maxDist:)","58","parse"
"time-profile","swift::TargetContextDescriptor<swift::InProcess>::getGenericContext() const","57","other"
"time-profile","specialized static RangeExpression.~= infix(_:_:)","55","other"
"time-profile","specialized protocol witness for RangeExpression.contains(_:) in conformance ClosedRange<A>","55","other"
"time-profile","load32 #1 (_:) in closure #1 in static LZFSEv1.lzParseStrong(_:maxL:maxM:maxDist:)","55","parse"
"time-profile","DYLD-STUB$$swift_endAccess","55","swift_runtime"
"time-profile","__bzero","55","other"
"time-profile","protocol witness for static Equatable.== infix(_:_:) in conformance Int","54","other"
"time-profile","_xzm_reclaim_mark_free","54","other"
"time-profile","_ContiguousArrayStorage.__deallocating_deinit","54","swift_array"
"time-profile","specialized _ArrayBuffer.mutableCapacity.getter","52","swift_array"
"time-profile","_realloc","52","other"
"time-profile","specialized Collection._copyToContiguousArray()","51","swift_array"
"time-profile","protocol witness for Sequence._copyToContiguousArray() in conformance Data","51","swift_array"
"time-profile","DYLD-STUB$$memcpy","51","memory_copy"
"time-profile","0x2cffaf86c","51","other"
"time-profile","_swift_release_dealloc","51","swift_runtime"
"time-profile","_free","51","other"
"time-profile","objc_msgSend","50","other"
"time-profile","_xzm_reclaim_mark_used_locked","50","other"
"time-profile","start_wqthread","49","io"
"time-profile","_xzm_free_large_huge","49","other"
"time-profile","dyld4::start(dyld4::KernelArgs*, void*, void*, unsigned long long)::$_1::operator()() const","47","external_tool"
"time-profile","_xzm_xzone_malloc_small_freelist","47","other"
"time-profile","__swift_instantiateCanonicalPrespecializedGenericMetadata","46","swift_runtime"
"time-profile","xzm_reclaim_mark_free_locked","45","other"
"time-profile","specialized _copyCollectionToContiguousArray<A>(_:)","45","swift_array"
"time-profile","load64 #1 (_:) in closure #1 in static LZFSEv1.lzParseStrong(_:maxL:maxM:maxDist:)","45","parse"
"time-profile","FSE_buildCTable_wksp","45","external_tool"
"time-profile","dyld4::Loader::runInitializersBottomUp(dyld4::RuntimeState&, lsl::Vector<AuthenticatedValue<dyld4::Loader const*>>&, lsl::Vector<AuthenticatedValue<dyld4::Loader const*>>&) const","45","other"
"time-profile","copyfile","45","other"
"time-profile","_xzm_segment_group_span_mark_used","45","other"
"time-profile","write","44","io"
"time-profile","specialized Collection.map<A, B>(_:)","43","swift_array"
"time-profile","main","43","other"
"time-profile","LZFSEv1.d3BaseValue.unsafeMutableAddressor","43","other"
"time-profile","ZSTD_encodeSequences","42","external_tool"
"time-profile","_malloc_zone_realloc","41","other"
"time-profile","specialized static UnsafeMutablePointer.allocate(capacity:)","40","other"
"time-profile","specialized protocol witness for Sequence._copyToContiguousArray() in conformance ArraySlice<A>","40","swift_array"
"time-profile","specialized ArraySlice._copyToContiguousArray()","40","swift_array"
"time-profile","invocation function for block in dyld4::Loader::findAndRunAllInitializers(dyld4::RuntimeState&) const::$_0::operator()() const","40","other"
"time-profile","0x2cffb00cc","40","other"
"time-profile","swift_deallocClassInstance","39","swift_runtime"
"time-profile","reallocf","39","other"
"time-profile","mach_o::Header::SegmentInfo mach_o::Header::parse_segment_command<true>(mach_o::Header::LoadCommandInfo const&, unsigned short, void (mach_o::Header::SegmentInfo const&, mach_o::Header::SectionInfo const&) block_pointer, mach_o::Error*) const","39","other"
"time-profile","mach_o::Header::forEachLoadCommand(void (mach_o::Header::LoadCommandInfo const&, bool&) block_pointer, mach_o::Error*) const","39","other"
"time-profile","specialized Sequence.reduce<A>(_:_:)","38","other"
"time-profile","specialized protocol witness for IteratorProtocol.next() in conformance IndexingIterator<A>","38","swift_array"
"time-profile","specialized Array.endIndex.getter","38","swift_array"
"time-profile","-[NSConcreteFileHandle readDataUpToLength:error:]","38","io"
"time-profile","_xzm_segment_group_span_mark_free","38","other"
"time-profile","_pthread_wqthread","38","io"
"time-profile","specialized UnsafeMutablePointer.initialize(repeating:count:)","37","other"
"time-profile","specialized NSFileHandle.write<A>(contentsOf:)","37","io"
"time-profile","swift_release","36","swift_runtime"
"time-profile","specialized static Data._unconditionallyBridgeFromObjectiveC(_:)","36","other"
"time-profile","load64 #1 (_:) in closure #1 in static LZFSEv1.lzParseOptimal(_:maxL:maxM:maxDist:)","36","parse"
"time-profile","_dispatch_root_queue_drain","36","other"
"time-profile","mach_o::Image::forEachInitializer(void (unsigned int) block_pointer) const","35","other"
"time-profile","mach_o::Header::forEachSection(void (mach_o::Header::SectionInfo const&, bool&) block_pointer) const","35","other"
"time-profile","load64 #1 (_:) in closure #1 in static LZFSEv1.lzParseOptimal2(_:maxL:maxM:maxDist:)","35","parse"
"time-profile","invocation function for block in mach_o::Header::forEachSection(void (mach_o::Header::SectionInfo const&, bool&) block_pointer) const","35","other"
"time-profile","dyld4::PrebuiltLoader::runInitializers(dyld4::RuntimeState&) const","35","other"
"time-profile","dyld4::Loader::findAndRunAllInitializers(dyld4::RuntimeState&) const","35","other"
"time-profile","getContiguousArrayStorageType<A>(for:)","34","swift_array"
"time-profile","Data._Representation.append(contentsOf:)","34","other"
"time-profile","_dispatch_client_callout","33","other"
"time-profile","_dispatch_async_redirect_invoke","33","other"
"time-profile","specialized SIMD<>.min()","32","other"
"time-profile","specialized Sequence.reduce<A>(into:_:)","32","other"
"time-profile","specialized any<A>(_:)","32","other"
"time-profile","repsAfter #1 (_:_:_:_:) in closure #1 in static LZFSEv1.lzParseOptimal(_:maxL:maxM:maxDist:)","32","parse"
"time-profile","fstat","32","other"
"time-profile","dyld4::APIs::runAllInitializersForMain()","32","other"
"time-profile","_xzm_xzone_malloc_freelist_outlined","32","other"
"time-profile","specialized writeSingleRegion #1 <A><A1>(_:) in NSFileHandle.write<A>(contentsOf:)","31","io"
"time-profile","specialized UnsafeBufferPointer.makeIterator()","31","other"
"time-profile","specialized Data._Representation.init(_:)","31","other"
"time-profile","NSFileHandle.write<A>(contentsOf:)","31","io"
"time-profile","malloc_type_malloc","31","other"
"time-profile","LZFSEv1.lm3ExtraBits.unsafeMutableAddressor","31","other"
"time-profile","LZFSEv1.lm3BaseValue.unsafeMutableAddressor","31","other"
"time-profile","invocation function for block in mach_o::Image::forEachInitializer(void (unsigned int) block_pointer) const","31","other"
"time-profile","hash4 #1 (_:) in closure #1 in static LZFSEv1.lzParseStrong(_:maxL:maxM:maxDist:)","31","parse"
"time-profile","thunk for @escaping @callee_guaranteed @Sendable () -> ()","30","other"
"time-profile","swift_slowAlloc","30","swift_runtime"
"time-profile","specialized protocol witness for ContiguousBytes.withUnsafeBytes<A>(_:) in conformance [UInt8]","30","other"
"time-profile","specialized Data.init<A>(_:)","30","other"
"time-profile","specialized Array.withUnsafeBytes<A>(_:)","30","swift_array"
"time-profile","partial apply for closure #2 in runParallelEncode(input:output:inflight:chunkSize:strong:bvx3:lazy2:optimal:optimal3:)","30","other"
"time-profile","malloc_type_posix_memalign","30","other"
"time-profile","lzfseBackendMatch","30","other"
"time-profile","Data._Representation.init(_:)","30","other"
"time-profile","closure #1 in Data.init<A>(_:)","30","other"
"time-profile","_dispatch_worker_thread2","30","io"
"time-profile","_dispatch_continuation_pop","30","other"
"time-profile","_dispatch_call_block_and_release","30","other"
"time-profile","OutputFilter.write<A>(_:)","29","io"
"time-profile","specialized UnsafeMutablePointer.deallocate()","28","other"
"time-profile","libSystem_initializer","28","other"
"time-profile","+[NSData(NSData) dataWithBytesNoCopy:length:]","28","other"
"time-profile","_platform_memcmp","28","other"
"time-profile","ZSTD_splitBlock","26","external_tool"
"time-profile","Data._copyContents(initializing:)","26","other"
"time-profile","copyfile_pack","26","other"
"time-profile","setup_mac_metadata","25","other"
"time-profile","next_entry","25","other"
"time-profile","LZFSEv1.d3ExtraBits.unsafeMutableAddressor","25","other"
"time-profile","FSE_writeNCount_generic","25","io"
"time-profile","_xzm_xzone_free_freelist","25","other"
"time-profile","specialized UnsafeRawPointer.loadUnaligned<A>(fromByteOffset:as:)","24","other"
"time-profile","dyld4::Loader::runInitializersBottomUpPlusUpwardLinks(dyld4::RuntimeState&) const::$_0::operator()() const","24","other"
"time-profile","copyfile_open","24","other"
"time-profile","0x5","24","other"
"time-profile","<Allocated Prior To Attach>","24","other"
"time-profile","dyld4::Loader::runInitializersBottomUpPlusUpwardLinks(dyld4::RuntimeState&) const","23","other"
"time-profile","Data.InlineSlice.append(contentsOf:)","23","other"
"time-profile","0x4","23","other"
"time-profile","0x3","23","other"
"time-profile","_dispatch_semaphore_wait_slow","23","other"
"time-profile","_availability_version_check","23","other"
"time-profile","SetAlgebra.init<A>(_:)","22","other"
"time-profile","mach_vm_reclaim_update_kernel_accounting_trap","22","other"
"time-profile","DYLD-STUB$$log2","22","other"
"time-profile","0x6","22","other"
"time-profile","<Unknown Address>","22","other"
"time-profile","__archive_write_format_header_ustar","22","io"
"time-profile","ZSTD_buildSequencesStatistics","21","external_tool"
"time-profile","std::__1::pair<swift::HashMapElementWrapper<swift::GenericCacheEntry>*, unsigned int> swift::ConcurrentReadableHashMap<swift::HashMapElementWrapper<swift::GenericCacheEntry>, swift::Mutex>::find<swift::MetadataCacheKey>(swift::MetadataCacheKey const&, swift::ConcurrentReadableHashMap<swift::HashMapElementWrapper<swift::GenericCacheEntry>, swift::Mutex>::IndexStorage, unsigned long, swift::HashMapElementWrapper<swift::GenericCacheEntry>*)","21","other"
"time-profile","specialized UnsafeMutablePointer.moveInitialize(from:count:)","21","other"
"time-profile","specialized static LZFSEv1.releaseScratch(_:)","21","other"
"time-profile","specialized $defer #1 <A><A1>() in Array.append<A>(contentsOf:)","21","swift_array"
"time-profile","swift::MetadataCacheEntryBase<swift::GenericCacheEntry, void const*>::awaitSatisfyingState(swift::ConcurrencyControl&, swift::MetadataRequest)","20","other"
"time-profile","swift_getCanonicalPrespecializedGenericMetadata","20","swift_runtime"
"time-profile","specialized protocol witness for Sequence._copyContents(initializing:) in conformance ArraySlice<A>","20","other"
"time-profile","specialized max<A>(_:_:)","20","other"
"time-profile","specialized ArraySlice._copyContents(initializing:)","20","other"
"time-profile","semaphore_wait_trap","20","other"
"time-profile","closure #1 in OutputFilter.write<A>(_:)","20","io"
"time-profile","<Call stack limit reached>","20","other"
"time-profile","__DataStorage.init(bytes:length:)","20","other"
"time-profile","__DataStorage.__deallocating_deinit","20","other"
"time-profile","ZSTD_seqToCodes","19","external_tool"
"time-profile","swift_bridgeObjectRelease","19","swift_runtime"
"time-profile","qos_class_main","19","other"
"time-profile","OS_dispatch_queue.asyncUnsafe(group:qos:flags:execute:)","19","other"
"time-profile","_xzm_segment_group_segment_span_free","19","other"
"time-profile","_swift_dispatch_async","19","swift_runtime"
"time-profile","ZSTD_XXH64_update","18","external_tool"
"time-profile","ZSTD_row_update","18","external_tool"
"time-profile","static LZFSEv1.encodeBlockV3(triplets:literals:rawBytes:)","18","encode"
"time-profile","specialized protocol witness for Sequence._copyContents(initializing:) in conformance [A]","18","other"
"time-profile","specialized ContiguousArray.append(_:)","18","swift_array"
"time-profile","specialized ContiguousArray._makeUniqueAndReserveCapacityIfNotUnique()","18","swift_array"
"time-profile","specialized Array._copyContents(initializing:)","18","swift_array"
"time-profile","specialized _ContiguousArrayBuffer.beginCOWMutation()","18","swift_array"
"time-profile","mach_vm_reclaim_update_kernel_accounting","18","other"
"time-profile","closure #1 in static LZFSEv1.encodeBlockV3(triplets:literals:rawBytes:)","18","encode"
"time-profile","0x2cffaf304","18","other"
"time-profile","-[NSData(NSData) initWithBytes:length:copy:freeWhenDone:bytesAreVM:]","18","other"
"time-profile","_xzm_free_tc_pac","18","other"
"time-profile","_os_unfair_lock_lock_slow","18","other"
"time-profile","__ulock_wake","18","other"
"time-profile","static LZFSEv1.acquireScratch(_:)","17","other"
"time-profile","specialized _ProcessInfo.processorCount.getter","17","other"
"time-profile","lzfseEncodeTranslateState","17","apple_lzfse"
"time-profile","HUF_compress_internal","17","external_tool"
"time-profile","FSE_normalizeCount","17","external_tool"
"time-profile","archive_entry_clear","17","other"
"time-profile","-[_NSPlaceholderData initWithBytes:length:copy:deallocator:]","17","other"
"time-profile","_xzm_xzone_find_and_malloc_from_freelist_chunk","17","other"
"time-profile","_xzm_segment_group_alloc_segment","17","other"
"time-profile","_utf8_to_unicode","17","other"
"time-profile","_dispatch_sema4_wait","17","other"
"time-profile","__sysctl","17","other"
"time-profile","specialized static LZFSEv1.acquireScratch(_:)","16","other"
"time-profile","specialized freqCostBits #1 (_:) in static LZFSEv1.encodeBlockV3(triplets:literals:rawBytes:)","16","encode"
"time-profile","partial apply for closure #2 in runCLI()","16","other"
"time-profile","HIST_count_simple","16","other"
"time-profile","dispatch_once_f","16","other"
"time-profile","default argument 2 of OS_dispatch_queue.async(group:qos:flags:execute:)","16","other"
"time-profile","closure #2 in runCLI()","16","other"
"time-profile","_os_unfair_lock_unlock_slow","16","other"
"time-profile","__ulock_wait2","16","other"
"time-profile","static LZFSEv1.releaseScratch(_:)","15","other"
"time-profile","setup_xattrs","15","other"
"time-profile","semaphore_signal_trap","15","other"
"time-profile","libdispatch_init","15","other"
"time-profile","dyld4::RuntimeLocks::withLoadersReadLock(void () block_pointer)","15","other"
"time-profile","dyld4::JustInTimeLoader::loadDependents(Diagnostics&, dyld4::RuntimeState&, dyld4::Loader::LoadOptions const&)","15","other"
"time-profile","archive_entry_clone","15","other"
"time-profile","0x2cffb02bc","15","other"
"time-profile","0x2cffaaca0","15","other"
"time-profile","_xzm_segment_group_segment_span_mark_allocated","15","other"
"time-profile","_swift_stdlib_malloc_size","15","swift_runtime"
"time-profile","_os_object_init","15","other"
"time-profile","_objc_init","15","other"
"time-profile","_dispatch_semaphore_signal_slow","15","other"
"time-profile","ZSTDMT_compressionJob","14","apple_compression"
"time-profile","ZSTD_selectEncodingType","14","external_tool"
"time-profile","sysctl","14","other"
"time-profile","static LZFSEv1.put32(_:_:)","14","other"
"time-profile","specialized _ArrayBuffer._consumeAndCreateNew()","14","swift_array"
"time-profile","NSAllocateObject","14","other"
"time-profile","map_images","14","other"
"time-profile","invocation function for block in dyld4::RuntimeState::setObjCNotifiers(dyld4::ReadOnlyCallback<void (*)(char const*, mach_header const*)>, dyld4::ReadOnlyCallback<void (*)(mach_header const*, void*, mach_header const*, void const*)>, dyld4::ReadOnlyCallback<void (*)(_dyld_objc_notify_mapped_info const*)>, dyld4::ReadOnlyCallback<void (*)(unsigned int, _dyld_objc_notify_mapped_info const*, void (unsigned int) block_pointer)>)::$_0::operator()() const","14","other"
"time-profile","HUF_writeCTable_wksp","14","io"
"time-profile","dyld4::RuntimeState::setObjCNotifiers(dyld4::ReadOnlyCallback<void (*)(char const*, mach_header const*)>, dyld4::ReadOnlyCallback<void (*)(mach_header const*, void*, mach_header const*, void const*)>, dyld4::ReadOnlyCallback<void (*)(_dyld_objc_notify_mapped_info const*)>, dyld4::ReadOnlyCallback<void (*)(unsigned int, _dyld_objc_notify_mapped_info const*, void (unsigned int) block_pointer)>)","14","other"
"time-profile","dyld4::APIs::_dyld_objc_register_callbacks(dyld4::ObjCCallbacks const*)","14","other"
"time-profile","-[NSConcreteData _bridgingCopy:length:]","14","other"
"time-profile","_dyld_objc_register_callbacks","14","other"
"time-profile","statx1","13","other"
"time-profile","specialized UnsafeMutablePointer.deinitialize(count:)","13","other"
"time-profile","specialized _ContiguousArrayStorage.deinit","13","swift_array"
"time-profile","specialized _ContiguousArrayStorage.__deallocating_deinit","13","swift_array"
"time-profile","objc_autoreleasePoolPop","13","other"
"time-profile","archive_string_ensure","13","other"
"time-profile","archive_string_append","13","other"
"time-profile","archive_read_disk_entry_from_file","13","io"
"time-profile","@objc _NSFileManagerBridge.createFile(atPath:contents:attributes:)","13","other"
"time-profile","_NSFileManagerBridge.createFile(atPath:contents:attributes:)","13","other"
"time-profile","_dispatch_sema4_signal","13","other"
"time-profile","_dispatch_root_queue_poke_slow","13","other"
"time-profile","_Block_release","13","other"
"time-profile","ZSTD_recordFingerprint_5","12","external_tool"
"time-profile","xzm_malloc_zone_malloc_type_malloc_tc","12","other"
"time-profile","static LZFSEv1.lzParseStrong(_:maxL:maxM:maxDist:)","12","parse"
"time-profile","static LZFSEv1.encodeBlock(triplets:literals:rawBytes:)","12","encode"
"time-profile","specialized UnsafeMutablePointer.assign(repeating:count:)","12","other"
"time-profile","specialized protocol witness for Collection.formIndex(after:) in conformance [A]","12","swift_array"
"time-profile","specialized Array.formIndex(after:)","12","swift_array"
"time-profile","specialized $defer #1 <A>() in Array.subscript.modify","12","swift_array"
"time-profile","specialized _SliceBuffer.requestNativeBuffer()","12","other"
"time-profile","map_images_nolock","12","other"
"time-profile","dyld4::Loader::hasExportedSymbol(Diagnostics&, dyld4::RuntimeState&, char const*, dyld4::Loader::ExportedSymbolMode, dyld4::Loader::ResolverMode, dyld4::Loader::ResolvedSymbol*, bool, dyld3::Array<dyld4::Loader const*>*) const","12","other"
"time-profile","dyld4::JustInTimeLoader::applyFixups(Diagnostics&, dyld4::RuntimeState&, dyld4::DyldCacheDataConstLazyScopedWriter&, bool, lsl::Vector<std::__1::pair<dyld4::Loader const*, char const*>>*) const","12","other"
"time-profile","class_createInstance","12","other"
"time-profile","-[NSConcreteData dealloc]","12","other"
"time-profile","-[NSConcreteData _copyWillRetain]","12","other"
"time-profile","__workq_kernreturn","12","other"
"time-profile","ZSTD_buildCTable","11","external_tool"
"time-profile","xzm_segment_group_try_realloc_large_chunk","11","other"
"time-profile","xzm_malloc_zone_try_free_default_tc","11","other"
"time-profile","utf8_to_unicode","11","other"
"time-profile","mach_o::Image::forEachBindTarget(void (mach_o::Fixup::BindTarget const&, bool&) block_pointer, void (mach_o::Fixup::BindTarget const&, bool&) block_pointer) const","11","other"
"time-profile","mach_o::ChainedFixups::forEachBindTarget(void (mach_o::Fixup::BindTarget const&, bool&) block_pointer, mach_o::Error*) const","11","other"
"time-profile","lzfseStreamEncode","11","other"
"time-profile","FSE_compress_usingCTable_generic","11","external_tool"
"time-profile","dyld4::Loader::forEachBindTarget(Diagnostics&, dyld4::RuntimeState&, void (unsigned int, unsigned int, dyld4::Loader::ResolvedSymbol const&) block_pointer, bool, void (dyld4::Loader::ResolvedSymbol const&, bool&) block_pointer, void (dyld4::Loader::ResolvedSymbol const&, bool&) block_pointer) const","11","other"
"time-profile","AutoreleasePoolPage::releaseUntil(objc_object**)","11","other"
"time-profile","archive_strncat","11","other"
"time-profile","0x2cffab1e0","11","other"
"time-profile","_xzm_malloc_tc_pac","11","other"
"time-profile","_dispatch_once_callout","11","other"
"time-profile","__open","11","other"
"time-profile","ZSTD_compressContinue_internal","10","external_tool"
"time-profile","swift_isClassType","10","swift_runtime"
"time-profile","mach_o::UnsafeHeader::forEachLoadCommand(void (load_command const*, bool&) block_pointer) const","10","other"
"time-profile","lsl::Allocator::aligned_alloc(unsigned long long, unsigned long long)","10","other"
"time-profile","invocation function for block in dyld4::Loader::forEachBindTarget(Diagnostics&, dyld4::RuntimeState&, void (unsigned int, unsigned int, dyld4::Loader::ResolvedSymbol const&) block_pointer, bool, void (dyld4::Loader::ResolvedSymbol const&, bool&) block_pointer, void (dyld4::Loader::ResolvedSymbol const&, bool&) block_pointer) const","10","other"
"time-profile","free","10","other"
"time-profile","filesec_set_property","10","other"
"time-profile","dyld4::PrebuiltLoader::loadDependents(Diagnostics&, dyld4::RuntimeState&, dyld4::Loader::LoadOptions const&)","10","other"
"time-profile","dyld4::Loader::resolveSymbol(Diagnostics&, dyld4::RuntimeState&, int, char const*, bool, bool, void (unsigned int, unsigned int, dyld4::Loader::ResolvedSymbol const&) block_pointer, bool) const","10","other"
"time-profile","DYLD-STUB$$swift_bridgeObjectRelease","10","swift_runtime"
"time-profile","deflate","10","other"
"time-profile","0x18b627561","10","other"
"time-profile","_xzm_segment_group_cache_mark_free","10","other"
"time-profile","_call_dispose_helpers_excp","10","other"
"time-profile","_archive_read_data_block","10","io"
"time-profile","__swift_instantiateConcreteTypeFromMangledNameV2","10","swift_runtime"
"time-profile","__swift_closure_destructorTm","10","swift_runtime"
"time-profile","__sfvwrite","10","io"
"time-profile","static LZFSEv1.put16(_:_:)","9","other"
"time-profile","specialized static Array.+ infix(_:_:)","9","swift_array"
"time-profile","protocol witness for IteratorProtocol.next() in conformance IndexingIterator<A>","9","swift_array"
"time-profile","malloc_type_realloc","9","other"
"time-profile","mach_o::UnsafeHeader::forEachSection(void (mach_o::UnsafeHeader::SectionInfo const&, bool&) block_pointer) const","9","other"
"time-profile","mach_o::Header::forEachLinkedDylib(void (mach_o::Header::DylibInfo const&, bool, bool&) block_pointer) const","9","other"
"time-profile","HUF_compress4X_usingCTable_internal","9","external_tool"
"time-profile","dyld4::RuntimeState::notifyDtrace(std::__1::span<dyld4::Loader const*, 18446744073709551615ul> const&)","9","other"
"time-profile","dyld4::LibSystemHelpers::callInitializer(int, char const* const*, char const* const*, char const* const*, dyld4::ProgramVars const*, void (*)(int, char const* const*, char const* const*, char const* const*, dyld4::ProgramVars const*)) const","9","other"
"time-profile","Data.init(capacity:)","9","other"
"time-profile","Data._Representation.init(capacity:)","9","other"
"time-profile","archive_write_pax_header_xattr","9","io"
"time-profile","archive_mstring_clean","9","other"
"time-profile","0x2cffb01b0","9","other"
"time-profile","$defer #1 () in static LZFSEv1.encodeBlockV3(triplets:literals:rawBytes:)","9","encode"
"time-profile","$defer #1 () in static LZFSEv1.encodeBlock(triplets:literals:rawBytes:)","9","encode"
"time-profile","_xzm_segment_group_init_segment","9","other"
"time-profile","_xzm_chunk_list_pop","9","other"
"time-profile","_swift_isClassOrObjCExistentialType","9","swift_runtime"
"time-profile","__DataStorage.init(capacity:)","9","other"
"time-profile","ZSTD_entropyCompressSeqStore_internal","8","external_tool"
"time-profile","tree_next","8","other"
"time-profile","tree_dir_next_posix","8","other"
"time-profile","static Array._allocateBufferUninitialized(minimumCapacity:)","8","swift_array"
"time-profile","setup_sparse","8","other"
"time-profile","realizeClassWithoutSwift(objc_class*, objc_class*)","8","swift_runtime"
"time-profile","protocol witness for ContiguousBytes.withUnsafeBytes<A>(_:) in conformance Data","8","other"
"time-profile","POOL_thread","8","io"
"time-profile","LZ4IO_readAndProcess","8","io"
"time-profile","LZ4_XXH32_update","8","external_tool"
"time-profile","lsl::Allocator::Pool::aligned_alloc(unsigned long long, unsigned long long)","8","other"
"time-profile","invocation function for block in mach_o::Header::forEachLinkedDylib(void (mach_o::Header::DylibInfo const&, bool, bool&) block_pointer) const","8","other"
"time-profile","invocation function for block in dyld4::JustInTimeLoader::loadDependents(Diagnostics&, dyld4::RuntimeState&, dyld4::Loader::LoadOptions const&)","8","other"
"time-profile","FIO_compressFilename_internal","8","other"
"time-profile","find_temp_path","8","other"
"time-profile","dyld4::ProcessConfig::PathOverrides::forEachPathVariant(CString, mach_o::Platform, bool, bool, bool&, void (char const*, dyld4::ProcessConfig::PathOverrides::Type, bool&) block_pointer) const","8","other"
"time-profile","dyld4::Loader::getLoader(Diagnostics&, dyld4::RuntimeState&, char const*, dyld4::Loader::LoadOptions const&, bool)","8","other"
"time-profile","dyld4::Loader::forEachResolvedAtPathVar(dyld4::RuntimeState&, char const*, dyld4::Loader::LoadOptions const&, dyld4::ProcessConfig::PathOverrides::Type, bool&, void (char const*, dyld4::ProcessConfig::PathOverrides::Type, bool&) block_pointer)","8","other"
"time-profile","dyld4::Loader::forEachPath(Diagnostics&, dyld4::RuntimeState&, char const*, dyld4::Loader::LoadOptions const&, void (char const*, dyld4::ProcessConfig::PathOverrides::Type, bool&) block_pointer)","8","other"
"time-profile","closure #1 in writeSingleRegion #1 <A><A1>(_:) in NSFileHandle.write<A>(contentsOf:)","8","io"
"time-profile","archive_compressor_gzip_write","8","io"
"time-profile","0x18b567bd1","8","other"
"time-profile","_xzm_segment_group_cache_mark_used","8","other"
"time-profile","_CFExecutableLinkedOnOrAfter","8","other"
"time-profile","ZSTDMT_compressStream_generic","7","external_tool"
"time-profile","ZSTD_fseBitCost","7","external_tool"
"time-profile","write_hierarchy","7","io"
"time-profile","type metadata accessor for _ContiguousArrayStorage","7","swift_array"
"time-profile","type metadata accessor for __ContiguousArrayStorageBase","7","swift_array"
"time-profile","swift::Demangle::__runtime::TypeDecoder<(anonymous namespace)::DecodedMetadataBuilder>::decodeMangledType(swift::Demangle::__runtime::Node*, unsigned int, bool, bool)","7","other"
"time-profile","swift_getTypeByMangledName","7","swift_runtime"
"time-profile","strncat_from_utf8_to_utf8","7","other"
"time-profile","specialized writeToFileAux<A>(path:buffer:options:attributes:reportProgress:)","7","io"
"time-profile","specialized Data.init(bytesNoCopy:count:deallocator:)","7","other"
"time-profile","objc_release","7","other"
"time-profile","objc_lookUpImpOrForward","7","other"
"time-profile","mbsnbytes","7","other"
"time-profile","lsl::Allocator::AllocationMetadata::AllocationMetadata(lsl::Allocator::AllocationMetadata*, unsigned long long, unsigned long long, unsigned long long)","7","other"
"time-profile","invocation function for block in dyld4::Loader::getLoader(Diagnostics&, dyld4::RuntimeState&, char const*, dyld4::Loader::LoadOptions const&, bool)","7","other"
"time-profile","HUF_simpleQuickSort","7","external_tool"
"time-profile","has_non_ASCII","7","other"
"time-profile","DYLD-STUB$$swift_allocObject","7","swift_runtime"
"time-profile","DYLD-STUB$$mach_vm_reclaim_try_cancel","7","other"
